"id","y","x1","x2","x3"
"1",1,-0.0357155690694137,0.187999176801462,1
"1",0,-0.758043166879377,-0.0674073605716196,0
"1",1,-0.0333347841518119,0.100875920359914,0
"1",1,-0.852638241992178,-0.956161638230266,0
"1",1,-0.77926410112346,-1.14625443834286,0
"1",1,0.281510808215033,-0.203459916363165,1
"1",0,0.670407795387247,0.75435993400535,0
"1",1,0.296934308763683,0.0993741780356784,0
"1",1,0.423512047735773,0.554567010513999,1
"1",1,1.4923589180855,1.67141308707269,1
"1",1,-0.934031095828738,-0.602798924336471,1
"1",1,-2.47976876834619,-2.68891507443745,0
"1",1,1.08127051184514,0.73825888697292,1
"1",0,-0.383295612770704,-0.63923920559089,0
"1",1,-0.419105651484395,-1.10113884344546,0
"1",1,0.886377933098455,0.540766347255295,1
"1",1,-0.696222591219977,-1.02763439460498,1
"1",0,-1.00040885637419,-0.362057028196882,0
"1",1,0.186550337029697,0.0301375829418492,1
"1",1,-0.254726667531313,-0.330204096892544,1
"1",0,-0.0584218951604383,0.0851591198967551,0
"1",1,0.472660063080526,0.994626807873444,0
"1",0,-0.702576847537814,-0.393575370206104,1
"1",1,0.525951644070934,1.03841196954224,1
"1",0,0.0348086609826589,-0.64939523104164,1
"1",0,0.226842461337679,-0.0371161460208179,1
"1",0,0.747922817838665,0.677921727585773,1
"1",1,0.318412036408869,1.212837077312,0
"1",0,-0.446458946838114,-0.691859277049468,1
"1",1,1.11584803560677,1.40555693340887,1
"1",1,1.14566324811095,1.35715368443064,1
"1",1,0.265987709741307,0.11780337275858,1
"1",1,0.216249419674948,-0.301409338351409,1
"1",1,-0.579087754556108,-0.488928836229904,0
"1",1,1.14347003079098,1.04538814470963,1
"1",1,0.0954835671726503,-0.72701828769433,0
"1",1,2.36990723478332,1.86689182582826,1
"1",1,1.51696721429234,1.42458035798747,1
"1",1,-0.344527638086914,0.012925271521,0
"1",1,-0.841708589730827,-1.4147815054427,0
"1",1,-1.14246696740099,-0.982012275541696,1
"1",0,0.31041879373091,0.395849397073845,0
"1",1,-0.0406048956930488,-0.380246257956686,0
"1",1,-0.693207797070227,-0.777981697076128,1
"1",0,-0.942919893492197,-0.703424605481978,0
"1",0,0.480376208301452,0.72502712876102,0
"1",1,-0.806754057407402,-0.921086790301399,0
"1",0,-1.513759345184,-1.20692779575967,0
"1",1,-0.249296001228902,0.014129690526285,0
"1",1,0.707341321925377,0.338753049701796,1
"1",1,-0.847676611473811,-1.42127185082261,1
"1",1,1.04389283641413,0.655705139876805,0
"1",0,-1.81667577413775,-1.75456434678411,0
"1",1,0.257078373804692,-0.271706738825791,0
"1",0,0.147510900339351,0.713847002484132,1
"1",0,-0.0546901421891856,0.00250348664896172,1
"1",1,-0.236557116051121,0.285962176577267,1
"1",1,-0.407301531781845,-0.373990229037205,0
"1",1,-0.645303373945774,-0.713151181706668,0
"1",1,-1.40211586966911,-0.911745177797015,0
"2",1,0.504966573062802,0.862861048089011,0
"2",0,-1.29388836490029,-1.06063502869553,0
"2",1,-0.104900446785899,-0.0363290397309982,0
"2",0,-0.598129663227153,0.0522207607490635,0
"2",1,1.99645302926423,1.60420262774299,1
"2",1,-0.847362773914467,-1.01745464041031,1
"2",0,-0.036841231954746,0.353716119798705,1
"2",1,0.0396842415863436,0.0546783370064472,1
"2",1,-1.09762368976592,-1.06780818204136,0
"2",1,-0.0152374563943179,0.273635241697702,0
"2",1,1.08429733468363,1.68670570659615,1
"2",1,0.110473482452976,0.144855339090722,1
"2",0,-0.110767027823651,-0.152053714542692,1
"2",0,-0.530222248588701,0.308344305111492,0
"2",0,-2.00910060272856,-2.16675775581994,0
"2",1,1.61954964989539,1.23551338317138,1
"2",1,-1.13045764524506,-1.30578829244057,0
"2",1,0.334358491648781,0.441651488928703,1
"2",1,2.05439400366746,2.6278557158776,1
"2",0,-1.20134827164467,-0.666691799816023,0
"2",1,0.597699553939969,0.109014765704591,1
"2",1,-0.127810350758567,0.0309828380715991,0
"2",0,-1.92528895344642,-1.68144917400308,0
"2",1,-1.76671136851604,-1.05891325318102,0
"2",0,-1.48321114938993,-1.72893113930341,0
"2",1,-0.87679401212839,-0.558101027679853,1
"2",0,-1.18678937959035,-1.23518885477743,0
"2",1,0.727033712363274,0.72238012894753,1
"2",1,2.24729207731293,1.9420811764748,1
"2",1,-1.45090353259048,-2.31995139647912,1
"2",1,0.417275333447202,0.959367338515213,1
"2",1,0.890864498297658,0.362553725203007,1
"2",0,0.528945442572387,0.287701222189397,1
"2",1,-0.998298916726965,-0.795860895109019,0
"2",1,-0.344195775526851,-0.557208689220123,1
"2",0,-0.10463821113922,-0.241977677626402,0
"2",1,0.685669908272108,0.388659262178643,1
"2",1,-0.803518200279197,-0.141120986586969,0
"2",1,1.33609747926192,0.767285980761765,1
"2",1,-0.995144255253007,-0.718295181977169,1
"2",1,0.778111725422836,1.8379219600399,1
"2",0,-1.1224022974627,-1.81018954041547,1
"2",0,-1.49216837059318,-0.763491520192681,0
"2",1,2.84228522279777,2.59966814892633,1
"2",0,-0.376063042191502,0.523901213067581,0
"2",1,-0.271700029241886,0.305897240499875,1
"2",1,0.369501419133182,0.38726759717062,1
"2",1,-0.112331027593333,-0.155949179604036,0
"2",1,0.692785402234041,0.669223537716073,0
"2",0,0.178924240762334,0.400826405727533,1
"2",1,-0.397132015139503,-0.570030496986635,1
"2",1,0.165617024828149,0.329486835827394,0
"2",1,-0.00142907220646304,0.0461635404113491,0
"2",1,1.6886184684023,1.54205871622405,1
"2",0,-0.447404934609605,-0.386810252784732,0
"2",0,-1.45036613030575,-1.11776612908122,0
"2",1,0.0476841041503536,-0.183592822383062,1
"2",1,0.402697828758986,0.713359399227842,0
"2",0,0.453184707914776,0.686248834775267,1
"2",1,-0.410031234984348,-0.814750237565568,1
"3",0,-1.15810147136925,-0.984139835366083,0
"3",1,0.760262654998691,0.891670182617778,1
"3",1,-0.507371461895397,0.102274187667617,0
"3",0,-0.401848761018615,-0.368699202798454,0
"3",0,-0.920964139172486,-0.116165457584407,1
"3",0,-0.183567214364641,0.095776779677346,0
"3",0,1.0874419462727,0.9535570112833,1
"3",1,-0.507280524664038,-0.220971437148218,1
"3",0,0.766920451768939,0.778509742994749,1
"3",1,-0.582373577700359,-1.09617470693431,1
"3",0,-0.0238211963945814,0.904751191580602,0
"3",0,-0.661840814116401,-0.433748419920111,1
"3",1,0.445570305609438,-0.32904860749474,1
"3",0,-0.88674960057761,-0.463359260404715,0
"3",0,-1.26706010107332,-0.611092661513781,0
"3",1,1.71417721630417,1.98733105891849,1
"3",0,0.438177992564162,0.555532880586602,1
"3",0,-1.20582831935381,-1.28439370091897,0
"3",0,-0.832528283781616,-0.606978471776779,0
"3",0,-1.01865150000165,-0.985443219567968,0
"3",1,2.35343150753249,2.06875411597325,1
"3",0,1.29764731466406,1.07341868988304,1
"3",0,0.00168662427525018,-0.211485280440317,0
"3",0,0.14343559522003,0.257249105959701,1
"3",0,-0.454024624602874,-0.417041946122867,0
"3",0,-0.208287383982914,-0.366527589485884,0
"3",0,-0.450504430080412,-0.150240574381034,0
"3",0,-0.418595004813391,-0.38072410102564,0
"3",1,1.26370023862144,0.85019466746668,1
"3",0,0.0805973165350839,0.0982949726915324,0
"3",0,0.245467955283083,0.388184998929107,0
"3",0,-0.118822560174995,0.221890849306219,1
"3",1,1.15114563999229,0.963584582451665,1
"3",0,-0.720552373108713,-0.636440818709939,1
"3",0,-0.586441706802453,-1.10170616728802,0
"3",0,1.30810772522536,1.28544232438237,1
"3",1,-0.19840991755625,-0.0543432980921376,0
"3",1,-1.12900557205777,-0.277170722260487,0
"3",0,-1.2205742319092,-0.788791211229302,0
"3",0,-1.53112601927675,-1.25370755852546,0
"3",0,-0.296632032917635,-0.808632268114716,0
"3",1,0.378804627604556,0.238374259389558,1
"3",0,0.762902925862406,0.327313517615793,1
"3",1,0.724201608546675,0.551820625881157,1
"3",1,-0.381193734971145,-0.0607397419841097,0
"3",0,0.259195939117977,0.266995121297346,0
"3",0,-0.296377143232226,-0.853572212266523,0
"3",0,-0.539460286547657,-0.75883180722115,0
"3",0,0.685045152322384,0.0320670490005955,1
"3",0,-0.978560035817117,-0.41219369696285,0
"3",1,2.09717784595908,2.13301787253668,1
"3",0,0.0455438901611209,-0.00626786545625973,0
"3",1,-0.0365808119631898,0.131561951598293,1
"3",0,-0.817257728632548,-0.974280334851681,0
"3",0,0.0386136006508997,-0.611386515950613,0
"3",1,-1.50453901346748,-1.07487457419068,0
"3",0,-0.0448247294029981,-0.260746224302485,0
"3",1,-0.0331597289416792,0.202149252370992,1
"3",0,0.212737691554844,-0.12270285579238,1
"3",0,-0.93343943709141,-0.42283468692913,0
"4",0,-0.632900216625859,-0.857613087801517,0
"4",1,-0.873321447971387,-0.436279741805123,1
"4",1,1.71183838718543,1.92115744390004,1
"4",1,-0.741463321027702,-1.20718586587653,0
"4",1,-0.315708776721659,-0.311126795168327,1
"4",1,1.88932873889399,1.95224344387888,1
"4",0,0.227477689837228,-0.341615848551083,0
"4",1,-0.84671839722414,-1.6401852274961,0
"4",1,0.035912557510855,-0.852405146085201,0
"4",0,0.540497481807975,0.84930671003624,0
"4",0,-0.564746829647309,-0.0812419473335489,0
"4",1,-0.337278151100606,-0.530917190036309,0
"4",1,-0.368923381166131,-0.673888397357941,1
"4",1,0.125336381171897,-0.661021738611821,1
"4",1,1.57145929326897,1.45501085979672,1
"4",1,-0.114108879684846,-0.242880107581337,1
"4",1,1.3891964506608,0.73490352264086,1
"4",0,0.544198721393203,0.356565656533806,1
"4",1,0.00806543723818137,-0.306644592321876,0
"4",1,-1.40282878851289,-1.58868620617515,0
"4",0,-0.692273745050539,-0.837478719473872,1
"4",0,-0.429395182845067,-0.0289542296969264,0
"4",1,-0.266624877476623,-0.364964864509895,1
"4",1,0.755542293662782,1.46105884377173,1
"4",1,2.46021702571048,1.81991293595103,1
"4",1,1.22083499156719,1.91973984446385,1
"4",1,-0.23357981109347,0.0428944337592154,0
"4",1,-1.83165389387184,-1.67750005049611,0
"4",0,0.233429489491814,0.0844129027054129,0
"4",1,0.196838731057084,0.268048651197918,0
"4",1,0.927886049962549,0.410790646239731,1
"4",0,0.906908090972152,1.04331612822028,1
"4",1,1.16272068462599,0.576324278974393,1
"4",1,-1.12769096283566,-1.17680628521791,0
"4",1,0.900528026848605,0.605166747001876,1
"4",1,0.0344147366080673,-0.0466399716157194,0
"4",1,-0.306433337358206,0.159808421279403,1
"4",0,0.423219242848094,0.779541502569651,0
"4",1,0.541580842119451,0.519902187670105,1
"4",0,-0.0196760474602322,0.42617017363131,0
"4",1,-1.39562247524642,-1.13804011975147,0
"4",1,0.721857746770691,1.17142676696074,1
"4",1,0.379335256327691,0.233760264061316,1
"4",0,-0.635719368331262,0.133496377977642,0
"4",0,0.226353192259927,0.153422465899545,0
"4",0,0.364904789091442,1.00350961013091,0
"4",0,0.639002778658561,0.458123749702773,0
"4",1,1.15572633363145,1.93802435776334,1
"4",1,-0.0576483372772091,0.0759438517483879,0
"4",0,0.241990475089277,0.457976457855289,0
"4",1,1.16210432895404,0.559417129986528,1
"4",1,0.630080208119315,1.21974336479882,1
"4",0,1.14772874696327,1.50579046108861,1
"4",1,-0.318797431847683,-0.51717949537339,0
"4",1,2.10783969103516,1.82993931172343,1
"4",1,0.254967705537418,0.216039693435092,0
"4",1,2.01567134133352,1.98807135331604,1
"4",1,-1.66345750177941,-0.915505308397686,0
"4",1,0.0899507981273993,-0.384959338737987,1
"4",0,1.21225872551264,1.04181393594656,1
"5",1,-1.06126643261845,-0.25074211627734,0
"5",0,-0.82534695656535,-0.790390744457753,0
"5",0,-0.817542960247328,-1.31000292121172,0
"5",0,-0.830586557204713,-1.06260088289103,0
"5",1,-0.635893481032313,-0.433222377201837,0
"5",0,0.708558685536434,0.50776134715559,0
"5",0,-1.98348242810904,-1.70733825580052,0
"5",1,0.357866502502706,0.260708133226038,0
"5",1,1.36437534559411,0.903855386868279,1
"5",1,1.98692803142495,1.69501185494914,1
"5",1,1.12405493003343,1.36933430324862,1
"5",1,1.03592757300379,0.79451801469054,1
"5",1,-1.17619056715587,-1.57642223652589,0
"5",0,-0.831636936949088,-0.470648601485094,0
"5",1,-0.600503412021738,-0.734392229294084,1
"5",1,1.02934500653181,0.717038771273964,1
"5",0,-0.229687529965923,0.19031701084543,0
"5",0,-1.64863089041234,-0.945358685201463,0
"5",1,1.59803899870215,1.83479226503491,1
"5",1,1.09485375210366,0.600638428974553,1
"5",0,-0.0693359682294889,0.494982611507272,1
"5",1,1.24138378293415,1.42853215492518,1
"5",1,-1.20638320266752,-1.69431861728098,0
"5",1,0.507324416359806,0.32631884590881,1
"5",1,-0.542482191072461,-0.92670493657506,1
"5",1,0.813994743910488,-0.0908842777155763,1
"5",0,0.226082336801317,-0.0626275736017679,0
"5",1,0.816448970195052,0.624956011292971,1
"5",0,1.35057984518994,1.05736101607619,1
"5",1,-0.355450678550025,0.0217788260077634,1
"5",1,1.22118009237583,0.892912020695588,1
"5",0,-0.951260914648366,-1.06520689147832,0
"5",0,-0.501959341021305,-0.542978791382854,0
"5",1,1.23060312107932,0.91126064468376,1
"5",0,0.487027296387202,1.41102180040959,0
"5",0,-1.91000369094948,-1.87430358739657,0
"5",0,-1.03553393696257,-1.51444922788531,0
"5",0,-0.157093386400518,0.276902062485731,0
"5",0,0.365324831979006,1.01889474842222,1
"5",1,0.635071069225849,0.197841894509432,0
"5",1,0.317407847747322,0.37344068253329,1
"5",1,1.4484406844083,1.21371325227091,0
"5",1,2.10488110366458,2.14749659428726,1
"5",0,0.549969706323102,-0.0147681823603131,0
"5",1,-0.085827775133376,-0.0930419127683664,1
"5",1,-1.64551818399796,-1.35286127751168,0
"5",1,0.574949093675509,-0.0556136342983774,0
"5",0,-0.120473755588965,-1.04936770290148,0
"5",1,-0.691637264950266,-0.616467924391116,0
"5",1,-0.120776826045255,-0.170878793884611,0
"5",1,1.06027952017662,0.63535123247267,1
"5",1,-2.33201694722188,-2.25025691867231,0
"5",1,-0.377195728862964,-0.647071349625202,0
"5",0,-0.38956596639372,-0.263512119759836,1
"5",1,-0.998818047044298,-0.918168018301013,0
"5",1,0.499497262642818,0.158607515935401,1
"5",0,0.592548399545085,1.26346400602927,0
"5",1,0.35881173423754,0.207254520960293,0
"5",0,-2.20463118963191,-2.27425385467828,0
"5",1,2.67576046712874,1.8743975292179,1
"6",0,0.340762094388258,-0.497586853322471,0
"6",0,0.407991199837534,0.534921378790667,1
"6",0,0.524191042576468,0.526464579164574,0
"6",0,1.37857900835116,0.740932556287592,1
"6",1,0.794805084489512,0.648077308855468,1
"6",0,-0.289457776154278,0.0478450256933338,0
"6",0,0.12134841267387,0.503406825681983,1
"6",0,-0.485012311203734,-0.923063601484149,0
"6",1,1.34485690449314,0.175369340669944,1
"6",1,-0.664465910877872,-0.20063665191618,0
"6",0,2.35448765048917,2.2315256460669,1
"6",0,-1.61975003784098,-0.592824866644551,0
"6",0,-0.320247469748357,-0.222734461410061,0
"6",0,0.96727317550474,1.30924708468848,0
"6",0,0.749471463067212,0.999069936342793,0
"6",1,0.163037294864437,-0.936270594179017,0
"6",0,-1.24494734485872,-0.603536571512617,0
"6",0,0.189379472983943,-0.0412851983775255,1
"6",1,0.218917079274473,-0.719130688958794,1
"6",0,-1.92957000720736,-1.68595780400897,0
"6",0,-0.315599868446636,-0.142415361922044,1
"6",0,0.279489433867532,0.338816526703244,0
"6",1,0.509601660257172,0.0143510438550598,0
"6",1,-1.26765260047803,-1.26571141815907,0
"6",0,0.227364737828167,0.635939012114768,1
"6",0,1.61454140044156,1.8115881132803,1
"6",1,0.124254745638786,1.08359254037985,1
"6",0,-1.58619104924599,-1.09907093778373,0
"6",1,-0.0753965396945792,-0.410912199550192,0
"6",1,0.380954149885595,0.123990395866996,1
"6",1,-1.11125252805717,-0.189139416819573,0
"6",0,-1.85364118676402,-1.95296145592706,0
"6",0,0.390267222649673,1.37257097170735,1
"6",0,-0.961064454805824,-0.810601408750821,0
"6",1,-0.518154026190999,-0.6565124608423,0
"6",1,0.923302115867672,1.26119347971689,1
"6",0,-0.427109840048832,-0.893013325723755,0
"6",0,1.23544025555536,0.852933245960853,1
"6",0,-1.38959072036095,-1.09255708647485,0
"6",0,-0.204497331134987,-0.772342165820231,1
"6",1,-0.399015568023981,-0.851011070860202,1
"6",1,-0.901463846787482,-1.05430870544143,0
"6",1,-0.406218419716299,-0.608913511805327,0
"6",0,-0.459539120025467,-0.0701505025265452,1
"6",0,-0.0187938423507705,0.588601928526593,1
"6",0,-0.984082218569376,-1.73321274401988,0
"6",0,-0.392634662693609,-0.584980659403499,1
"6",0,0.903174777743954,0.813213818885391,1
"6",0,-0.628045383031306,0.0429776234010833,0
"6",1,0.370489984873721,-0.209152133508735,1
"6",1,0.867829198151987,0.070166017457724,1
"6",1,0.53623696928232,-0.170540551176966,1
"6",1,0.268833951870915,1.18017355520842,1
"6",0,-0.644026947178674,-0.501577105218237,1
"6",0,-0.484111194133864,-0.618917353730358,1
"6",1,-2.32225758394821,-2.45733939584203,0
"6",1,-0.325879382787219,-0.211907211150692,1
"6",0,0.419190810385974,0.958748780591145,0
"6",1,0.588391699044764,0.496812699358608,1
"6",0,-0.973797093063968,-0.792739613272571,1
"7",1,2.19856623589297,1.31938681909173,1
"7",1,-0.282528620366408,0.315757172333671,1
"7",0,0.271613595871289,0.0924229719790329,0
"7",1,1.14997952810145,2.30905181673209,0
"7",0,-0.657450867135631,-0.283308495707407,0
"7",1,-0.136354239301335,-0.772639751752347,0
"7",0,2.31882645336032,1.53293139541759,1
"7",1,-0.206215455057871,0.471038409478731,0
"7",1,1.19366238068409,1.70348192293711,1
"7",0,-1.21164461946023,-1.02754183457245,0
"7",1,-0.230759979581308,0.337370507800764,0
"7",0,0.581384012835742,0.526873358353146,0
"7",0,-0.155667435119897,0.0181120759943521,1
"7",1,-1.4805358699824,-0.931118925739496,0
"7",1,-0.174788337204079,-0.094089322918751,1
"7",0,-1.49159629735818,-1.12836329759778,0
"7",1,0.997572526721587,0.591228969583484,1
"7",1,0.843257243222623,0.819889441258985,1
"7",0,-2.18045827297968,-2.12095747965869,0
"7",1,1.66788425981892,1.22338498316835,1
"7",1,-0.640386970922494,-1.23156800391359,0
"7",0,0.416906512122909,0.414728845899526,1
"7",0,0.675186947638248,0.480153270089129,1
"7",0,0.153791974998879,-0.329648252190581,0
"7",0,-0.496309212225677,-0.238404033075349,0
"7",1,0.266149561914824,1.03503989277958,0
"7",0,0.575049239850634,0.0777585749806214,1
"7",0,0.555151639685966,1.2048170099599,1
"7",0,-2.1164704075872,-2.03250306348467,0
"7",0,-1.41009183738846,-0.933145437450575,0
"7",1,1.46170172104629,1.83322631211722,1
"7",1,0.406612351570736,1.53023216390514,1
"7",1,0.517243156269423,0.97636809093551,0
"7",0,1.29455647139708,1.0683870630139,0
"7",1,0.648259915194524,0.682454424316816,1
"7",0,-2.84237120861024,-2.63950397501901,0
"7",0,1.08553460130998,1.49125359361531,1
"7",1,-0.617631117479213,-0.193311884792812,0
"7",1,0.439357364446648,0.556077537056135,0
"7",1,-0.202367500741285,-0.489613663230269,0
"7",1,1.16732030538626,0.54067851634504,1
"7",0,-0.543927267572565,0.260023884001171,0
"7",1,0.713132293436423,0.657520282482527,0
"7",0,-0.236392437575573,0.0145022294270537,0
"7",0,-1.05722162090104,-1.20854458733533,0
"7",1,0.838159519254517,1.1302899570766,1
"7",0,0.660619816392648,0.554198939098598,1
"7",1,1.5356668192046,2.09145385061934,1
"7",0,0.501942511485004,0.518023026401455,0
"7",1,0.782202394545855,1.04840145403848,1
"7",1,1.94111913690327,1.87438857953001,1
"7",0,-0.740788726957819,0.157864883516294,0
"7",0,-1.36624252350853,-1.62417009088885,0
"7",1,0.164114284462763,-0.140879558426171,0
"7",0,-0.220625625466764,-0.717926372897728,1
"7",0,0.449319500428622,0.0745007588147487,0
"7",1,1.45766489678769,2.07659042208601,1
"7",1,-0.317728124560274,-0.202425678032441,0
"7",0,0.279113499090219,0.231175774637104,1
"7",1,-0.0235282742522089,-0.280387406773239,0
"8",0,0.128998754999836,0.345087062808296,0
"8",1,0.302144705136935,0.421480095808304,1
"8",1,2.0670800225668,1.73996627194454,0
"8",0,0.444054344021587,0.0704281186006293,0
"8",0,0.216823666839392,0.845810152914774,1
"8",1,0.689748635494183,0.849618054559204,1
"8",1,0.544216574698316,0.811119477470365,1
"8",1,0.034825163456693,-1.2570250132715,0
"8",1,1.3469503304216,1.3893547185845,1
"8",1,-0.215777209893507,-0.785843909617302,0
"8",0,0.203659127814316,0.451659277877567,0
"8",1,1.37272410628238,1.2776351351795,1
"8",1,1.08834001023612,0.571035297254475,1
"8",1,-1.0008235919847,-0.824861077334883,0
"8",1,-0.726056156799202,-1.11493007740082,0
"8",0,-1.20277119157347,-1.41076234233178,0
"8",1,-0.293854937659395,0.307651290134275,1
"8",1,0.0782443134368429,0.3473886445896,1
"8",1,0.338340192312467,0.648623213492694,0
"8",1,0.405338303124385,0.584121716596371,1
"8",1,-0.373453312038781,-0.828166394200364,0
"8",1,-0.591218778782802,-1.14284328047125,0
"8",1,0.774804020960302,1.11598012963248,1
"8",1,0.775840910022323,0.457661759742421,1
"8",1,-1.58551715920194,-0.920473419995687,0
"8",1,-0.40225851765005,-0.354165417380255,1
"8",1,-1.15307526225014,-1.60521025001907,1
"8",0,-2.27298542923282,-2.36345156125683,0
"8",0,0.0658850699950182,0.417142772642789,0
"8",1,-0.0604565361374471,0.761891269877191,0
"8",1,-0.172272098313625,-0.0484006098252179,0
"8",1,0.0757934278340752,-0.097471896121366,1
"8",1,0.846904335987176,0.455531113769883,1
"8",1,0.201927075282344,0.759021739983132,0
"8",1,-0.279108771141431,-0.318878186171243,0
"8",1,-0.9886680886847,-0.502009208250486,0
"8",1,-0.351204704065424,-0.222413138273228,1
"8",1,0.25635169425657,-0.0840400261602534,1
"8",1,-1.28736301750516,-1.09710014442176,0
"8",1,-0.193847816915104,0.294224274378241,0
"8",1,1.13294614144936,1.33321943324712,1
"8",0,0.232330134464407,0.550434795184245,0
"8",1,-0.544000391930093,-0.989643917099815,0
"8",1,-0.45257586279748,-0.48146676596747,1
"8",1,0.634954802434799,1.2463928292447,1
"8",1,0.554330301674612,0.980202234276595,0
"8",1,0.791056459743745,0.752881677729231,1
"8",1,-0.0149097770356624,0.427432267954833,0
"8",1,0.176017490492913,-0.262732394190007,1
"8",1,-0.0658368981474631,-1.17406840438233,0
"8",1,0.565386780861105,0.0201487702558078,1
"8",0,-0.575139897673648,-0.547194241262105,0
"8",1,-1.24144324282313,-1.38993809330388,0
"8",1,0.611576284386908,0.174180866643967,0
"8",1,1.89140257832651,2.04270560950973,1
"8",1,0.92613355196742,0.630116358806932,1
"8",1,1.19947992334266,0.879412893268301,1
"8",1,0.32272384051117,0.366428830758829,1
"8",1,-0.542984835236319,-0.515990257327822,0
"8",1,-0.0781499828021078,-0.371441464753632,0
"9",1,-0.182845042199415,-0.0766501564337065,0
"9",1,-0.438959792242488,-0.194077081321052,0
"9",1,0.780991828008805,1.2406342599164,0
"9",1,-1.22331761264045,-1.44033448936932,0
"9",1,0.812413593672768,0.797162449072628,1
"9",1,0.760607787517955,0.898145482004417,1
"9",1,-0.9911471806222,-0.901209177673053,0
"9",0,0.481593287969458,0.820312852856508,1
"9",1,2.33247020585147,2.75768724812818,1
"9",0,-0.0562847410541596,-0.434924706209917,0
"9",1,0.927402959858734,1.57703174138617,0
"9",0,-0.840966650384246,-1.10498831529684,0
"9",1,0.829574068095078,1.17167555059686,1
"9",1,0.370592924799489,0.640047525972285,0
"9",1,1.48473174448224,1.07459740864465,1
"9",1,-1.72997004077181,-1.36214456447503,0
"9",1,-0.0370726802730953,-0.403446791859521,1
"9",1,-0.420361312806524,-0.45576492822379,0
"9",1,-0.191483275624537,0.0158914382747959,0
"9",0,-0.533882273872578,-0.597575789791627,0
"9",1,-0.850378801829074,-0.918404404755295,0
"9",0,0.237310163942778,0.434505562048165,1
"9",0,-1.61745238485182,-1.25965618462365,1
"9",1,1.53271891303361,1.51984450621568,1
"9",0,-1.1991613104424,-0.574775079953946,0
"9",1,0.0727639330954865,0.0673374844457326,1
"9",0,-0.35045978395523,-0.179618570150672,1
"9",0,0.425460349512957,0.86028645451821,1
"9",1,-0.415894996773442,-0.705466873230188,1
"9",1,0.350341324156064,-0.0462876765530443,0
"9",1,1.03961583326162,1.01390271125791,1
"9",1,-1.50631815668318,-0.926599953344702,0
"9",0,-0.809710379949376,-0.575471000704363,0
"9",1,0.285031941156331,-0.448226586935301,1
"9",0,-0.360354009018093,-0.609232477724098,0
"9",1,1.41316873091524,0.958977907195132,1
"9",1,0.733375682204666,0.159223272965903,1
"9",1,-0.184149834435446,-0.681933032427353,1
"9",1,-1.32658494817925,-1.86062449070743,0
"9",0,0.0398448434269902,0.675901365813255,0
"9",0,-0.0681947820039305,-0.0124226527360959,0
"9",1,0.0849622348310614,0.489205482473625,0
"9",1,-0.625171484051466,-0.201713323851404,0
"9",1,0.565532038480887,-0.212722961603898,1
"9",1,-0.804744680130262,-0.89653882676788,0
"9",1,-0.422927702762384,-0.218396970268335,1
"9",1,0.0951664113020195,0.0338510574263512,1
"9",0,-0.882495845967063,-0.376731254289736,0
"9",1,0.562033678595878,0.600894000790957,1
"9",0,-1.43403424018571,-1.23787347923639,0
"9",0,-2.55907978674989,-2.82574056543419,0
"9",0,0.462668601671377,0.777310613951066,0
"9",1,0.847528783993424,0.403936570368481,1
"9",1,-0.202147945587554,-0.580262490378561,1
"9",1,0.433867496290761,0.643899678501626,1
"9",1,-0.59140897518184,-0.942697692529938,0
"9",1,-0.21948383137816,-0.329725989915417,1
"9",0,-2.24468176889774,-2.13914487691617,0
"9",0,0.926266083416997,0.628274671539839,1
"9",1,1.42249544945959,1.6256073641313,1
"10",1,1.25665857228688,1.02793345293567,1
"10",0,-0.140195143954985,0.318927048776391,0
"10",0,0.353674679058719,-0.0853916834450855,0
"10",0,-1.85433699559487,-0.873492184808121,0
"10",1,0.394338021721609,0.712094904629278,1
"10",1,-0.320147111672668,-0.214328073305391,0
"10",0,-0.485103220382887,0.132052357324497,0
"10",1,-0.75115802396709,-0.956132654591041,0
"10",1,-0.297828499684552,-0.258513373554203,0
"10",1,-0.76072523616384,-0.902609599791741,0
"10",0,0.153630962910599,0.251380320358132,0
"10",0,-1.00236949761086,-0.889583619788703,0
"10",1,1.83232571388883,1.36999334508062,1
"10",1,-0.155372511980296,-0.576166942205077,1
"10",0,1.5177759576911,1.51950970645768,0
"10",0,-2.6278897494451,-1.7149901435468,0
"10",1,-0.511575281822847,0.148111193211437,0
"10",0,-1.17662311181579,-0.25812132603966,0
"10",1,-1.28574213500715,-1.19186163872141,0
"10",1,1.85920970305674,1.26349873020938,1
"10",0,-1.3159720915028,-0.596906177406153,0
"10",1,0.479423377976051,0.440650119762685,0
"10",1,1.00355166397004,0.882576866349761,1
"10",1,0.257724491957251,0.185653050738508,1
"10",1,-1.16948628595472,-1.28618928073772,1
"10",1,0.87617185521882,1.21017805230897,1
"10",1,0.00873880032491989,0.254404825385284,1
"10",1,-0.902782622653854,-0.757386593141422,0
"10",1,-0.839960598085942,-1.12756978404369,0
"10",1,1.72329104088196,1.87523668235685,1
"10",1,-0.507916421253275,-0.261528044778333,0
"10",1,-2.2069439477141,-2.63015294306497,0
"10",1,0.674626840646531,0.312519118544316,1
"10",1,0.236389598390013,0.311604073090661,1
"10",0,-1.14697484815329,-1.35310333953997,0
"10",0,-2.50311474283764,-2.11551480391413,0
"10",1,-0.0590775241261821,-0.461512771266883,1
"10",1,1.15729025572283,1.11836731799013,1
"10",1,0.555935606406661,1.1787136627623,0
"10",0,-0.826398962455908,0.327296855260074,0
"10",0,-0.755266818308164,-0.446131773743437,0
"10",1,0.212082444659416,-0.273477650182422,1
"10",1,0.253533778403572,0.146568359377578,1
"10",1,0.646975073778724,0.899713222273777,1
"10",0,-0.49831807071364,-0.634679975977825,1
"10",0,0.679540415061919,0.363372687475366,1
"10",0,-0.853537842763872,-0.398758089758142,0
"10",0,-0.232751341306574,-0.171044260244514,0
"10",1,0.680589744357113,0.551581243955158,1
"10",1,0.789949382881001,1.05582024493095,1
"10",1,-1.88440910076333,-1.96502667483015,0
"10",1,-0.107147331937477,-0.519957043938245,1
"10",1,0.712732313354754,0.482932841313384,1
"10",0,-1.18877941317287,-1.38691014984604,0
"10",1,0.474531501590591,0.208122515383418,1
"10",0,-0.720105619847159,-0.807992868779046,0
"10",1,0.856425260848557,0.757581379228992,1
"10",1,0.6545024270472,0.486083977436777,1
"10",1,0.382055198482573,0.809022172356269,1
"10",1,0.517813782221112,0.497835811401264,0
"11",1,0.70763691644316,0.89692897414319,1
"11",1,1.93454168653012,1.00092576882012,1
"11",0,1.94980055433104,2.3227822661201,1
"11",0,-0.607067434597529,0.659191896648303,0
"11",0,-1.91407309935377,-2.465082254063,0
"11",0,-0.118953167316673,0.113154429252757,1
"11",1,0.217229326060582,-0.149298193843806,1
"11",0,-0.252206667015869,-0.494205532813601,1
"11",1,0.65652684198899,0.0464200387797496,1
"11",0,0.821566812613993,1.21380687545761,1
"11",0,-0.547435355301319,0.181065658422658,0
"11",0,0.00186901324699412,-0.383711925922583,0
"11",1,-0.0234701423218864,0.16895260315012,1
"11",0,-0.852572582074095,-0.177258652096938,0
"11",0,0.529243455079634,0.471014742859228,0
"11",0,-1.97962334058851,-1.96404933269233,0
"11",1,-0.611383650453786,-1.56311435940245,0
"11",0,-1.13332054840511,-1.16376258658807,0
"11",0,-0.927589826878149,-0.779520602983124,0
"11",1,-1.03016636647462,-0.969558523904238,1
"11",0,0.532867891457235,-0.391681584092776,1
"11",0,0.745779666980335,1.28984128880157,1
"11",1,-0.562332792387873,-0.794456729791504,0
"11",0,-0.594581989394503,-0.554865706391553,0
"11",0,-1.01047310332978,-0.617359262263443,0
"11",0,-0.381867121894425,-1.33260955355198,1
"11",0,-0.64168919979395,-0.568079681355036,1
"11",1,0.497707619479633,0.526292120904829,1
"11",1,-0.108847413209595,-0.145150352086769,0
"11",1,-1.25331820608718,-1.92056056095297,0
"11",1,-0.296929247214919,-0.896437238380344,1
"11",1,1.51002817118129,0.731416317720727,1
"11",1,1.07852677296217,1.43600523870855,1
"11",0,-1.32516530320088,-0.74974460882399,1
"11",0,-1.10833314716777,-1.24315216333294,0
"11",1,1.87815265894716,2.34858060779407,1
"11",0,-0.692016005574072,-0.365143274264708,1
"11",0,0.0775563912703992,-0.13800197738398,0
"11",1,0.154751530366599,-0.0741238377825798,1
"11",0,-1.46562428732481,-1.8651949594211,0
"11",1,-0.267685469209926,-0.725616371010586,0
"11",1,-1.36920870140086,-1.78763160952077,0
"11",1,-0.46526490334773,-0.484354923360769,0
"11",0,0.325053554037375,0.1792106975747,0
"11",1,-1.40512515000851,-1.54390366715629,0
"11",1,1.02736804015754,0.375809758376226,1
"11",1,0.293729841390456,0.26583993890661,1
"11",1,-0.854159557225571,-1.32380427393827,0
"11",0,0.203487060873858,0.782573947712556,0
"11",1,0.467214886440911,0.163892275338861,1
"11",1,0.238551442241208,0.696081469103575,1
"11",1,-0.273689006406598,-0.424216775095778,1
"11",0,-0.492383573898478,0.0592352427506032,1
"11",0,-0.0320843699700875,0.107226281525474,0
"11",1,1.25101942316824,1.21977307716646,1
"11",0,1.38074275516461,1.02015141531491,1
"11",0,0.610725222500541,0.800722275369027,1
"11",0,-0.312886235181827,0.0849336979153893,0
"11",0,-0.212254262928854,0.464131441894528,1
"11",1,0.41370052439845,0.0292026420223546,1
"12",1,-0.959684747463751,-1.57789612837363,0
"12",0,-2.03470199021606,-2.20433072197229,0
"12",0,1.05392377152558,0.523105732033817,1
"12",1,-1.71887118155483,-1.6531990772352,0
"12",1,0.00988701959268853,0.658899331164343,0
"12",0,0.366452541994554,0.337414605196309,0
"12",1,0.541287185835547,0.0822799647388311,1
"12",0,-0.0322388319001911,0.701309081726972,0
"12",0,-1.12711979890645,-0.479478210760529,0
"12",1,1.10504790934476,1.19838506636553,1
"12",1,1.83859488509426,1.6388546838247,1
"12",0,0.327832537118231,1.27603072438544,1
"12",0,-2.14993669138963,-1.27393833735246,0
"12",1,1.73123616887136,1.87257171044264,1
"12",1,0.105659432180363,-0.300745008819506,1
"12",1,0.341460652776654,0.403410670337614,1
"12",1,0.844385368379289,0.302295457904585,1
"12",0,-0.150702852080441,0.187176573774398,0
"12",0,-0.256578359187251,-0.331958534625894,1
"12",1,1.1058755959388,0.334111722557647,1
"12",0,1.05278797186262,1.44968925962721,0
"12",1,0.77372284229504,0.544399556729065,1
"12",1,2.37823558503865,2.95878510933541,1
"12",1,0.709616762173965,0.714834020711086,1
"12",1,0.23586112089984,0.677138903243847,0
"12",0,-2.42445071917578,-1.49749695330449,0
"12",1,2.15378256062412,2.24659064052786,1
"12",1,-0.604470795951297,-0.575927607135167,0
"12",1,2.2377194090442,2.00577695084331,1
"12",1,0.938440912379572,0.821999239328864,0
"12",1,1.45472154106366,1.35265978067284,1
"12",1,-0.236579480135799,-0.282679276949491,1
"12",1,0.598836537917167,-0.0186605017522008,1
"12",1,0.905673497925104,0.0555496933818251,0
"12",0,-0.350971565829041,-0.462270249925468,1
"12",0,0.376027544384776,0.119731075477914,0
"12",0,0.798351401701089,0.276905134980537,1
"12",1,-0.0802754575214059,0.0888953153918059,0
"12",0,-2.51317074157091,-1.76998555952025,0
"12",0,-0.456944624152305,-0.100719461562327,1
"12",0,0.567418960562029,0.953280003491745,0
"12",0,0.156731697989886,0.408532435489636,1
"12",1,0.326684556871654,0.781257683519196,1
"12",0,-1.85187456531,-1.75501646853955,0
"12",1,0.532024098472642,0.0885892552890327,1
"12",0,0.581951707110827,0.78768307012421,1
"12",0,1.24948464343489,1.15212829147083,1
"12",0,-0.443633354084144,-0.533857156623996,1
"12",0,-0.0740471243708038,-0.334141137959134,0
"12",0,1.35208061700509,1.19772937444122,1
"12",0,-1.70201390390372,-1.63562344148045,0
"12",1,-0.688348244937805,-0.568661446943195,1
"12",0,0.740775735466562,0.456307147648899,0
"12",1,-1.32799947886231,-1.77285455284103,0
"12",1,0.367701304678855,0.444668991853088,0
"12",1,2.38926365215151,0.817752285047128,1
"12",1,0.0993287369129276,0.204796969431069,0
"12",1,0.105083243312229,-1.38107657312678,1
"12",1,0.297308107585721,0.206965799445633,1
"12",1,-0.61793255394242,0.0456011734847555,0
"13",1,0.265347330287402,0.630585192803198,1
"13",1,0.687466310145457,1.03102792112048,1
"13",1,0.242017594135242,-0.463374018884025,1
"13",1,-0.835001898190032,-1.58656673479853,0
"13",1,-1.2464673516328,-1.43428904573394,0
"13",0,-0.403223607649485,-0.412815591309428,0
"13",1,0.8499028080291,1.24912728161024,0
"13",0,-1.75868304080554,-1.13439232008574,0
"13",0,-1.89881875384958,-1.4602602064907,0
"13",1,-0.934690096943778,-0.662282620954982,0
"13",1,0.296932162282745,0.546119997621737,1
"13",0,-0.820940086717599,-0.333881448630638,0
"13",1,0.61853120832854,0.0156509733387994,1
"13",1,0.378501528843569,-0.0676808064882977,1
"13",1,-0.122304489755759,-1.09951556727463,1
"13",1,0.0399731300289796,0.828578305858322,1
"13",0,0.58388177661545,0.464834607375578,0
"13",0,-0.432609940374049,-0.217527190805188,0
"13",1,0.397455210282773,0.735358891138745,0
"13",1,0.13334317192326,0.670519145107487,1
"13",1,0.069982602836985,-0.194314759057907,1
"13",1,-0.655925579208364,-0.160483603017928,0
"13",1,1.09760025823305,1.11656162562578,1
"13",1,0.714286303500095,0.99110384133689,1
"13",1,1.28525740631201,0.0941404055801828,0
"13",1,-0.35042181003114,-0.345219579065008,1
"13",1,-0.229276837822998,-0.203102069286815,1
"13",1,2.08114311919941,2.79531591721009,1
"13",1,0.134684679026409,0.201843039602957,1
"13",1,0.309089490339423,-0.587800053705436,0
"13",0,-2.09349839154114,-1.4414884562446,0
"13",0,-1.36032869498422,-1.55166122686032,0
"13",0,-0.189422662460628,0.299110305435932,0
"13",1,0.687793628912401,0.187523652091624,0
"13",0,0.332032724344315,0.0890287617958309,1
"13",1,0.489829998326933,0.619147503613966,1
"13",1,-0.416725285055688,-0.787822207903555,1
"13",1,1.50987007386791,2.05807103818188,0
"13",1,-0.892727552283833,-1.19295841614173,0
"13",0,-1.18706422578281,-0.653248771780377,0
"13",1,-1.26569261919993,-1.60373529949533,0
"13",1,1.01158976460289,0.27232876576617,1
"13",1,-0.0324541729809747,-0.789533283531831,1
"13",1,1.0691861221919,1.15736498696238,0
"13",1,-0.263145546036877,-0.473015917442074,1
"13",0,-0.522386961249531,-0.724701110349387,0
"13",1,-0.323563361532147,-0.854571507856741,1
"13",0,-1.65577287016399,-1.71304888595252,0
"13",0,-1.17461773220351,-1.57199237298229,0
"13",1,-1.16994278727621,-1.31115276988905,0
"13",1,1.13409464718969,1.07278463399503,1
"13",1,-0.416584467805543,-0.698602117592188,0
"13",1,0.945967818489199,1.06907414097418,1
"13",1,1.75820800583059,1.36017087110856,1
"13",1,-0.461381585780713,-0.458482685820638,1
"13",1,0.0466174988519965,-0.313754067065968,1
"13",0,-1.85698482905267,-1.99116140421936,0
"13",0,-0.957990354418641,-0.414267717738821,0
"13",1,0.270727050722267,-0.280560740068786,1
"13",1,0.010757979368875,0.46631781838556,1
"14",0,-0.2316543680189,-0.540527112637269,0
"14",0,2.2981337507799,2.60502136290906,1
"14",1,-0.526015367018315,0.0321733738586737,0
"14",1,0.427756755543208,0.241810613763533,0
"14",0,0.487603192990942,0.380104055381361,1
"14",1,-0.323027221862973,0.55896795017212,0
"14",0,-0.257875685467766,-0.835334917898259,0
"14",0,0.605485481830886,1.76018167708269,1
"14",1,1.38787256826486,1.60928423763551,1
"14",1,-0.449624506956102,0.101538148579837,1
"14",1,0.33091923870143,0.464616523245204,1
"14",1,0.101753604562164,0.244169551768308,0
"14",1,0.696554274729644,0.593571091625597,1
"14",0,-1.48422050673692,-1.44762060376306,0
"14",1,2.13231562389418,2.05785333283328,1
"14",0,-0.545244730632369,-0.661456038597553,0
"14",1,-1.6060822181845,-1.21258179068022,0
"14",0,-0.844221056373608,-0.0133985998677514,0
"14",1,-0.127977812685473,0.189360871464385,1
"14",0,1.11082955468438,1.82138118239387,1
"14",0,0.911188679356124,0.508801869226885,1
"14",1,0.610820276445964,-0.114994792755573,0
"14",0,-1.77604203573296,-1.43679169043511,0
"14",1,-1.02438895608961,-0.620577154261657,0
"14",0,-0.0666021671490248,0.589300055061633,0
"14",0,2.64591953201848,2.24562606628725,1
"14",1,-1.85323049559597,-1.87403420411563,0
"14",0,0.995573934529959,0.551995572519797,1
"14",1,-0.343485473830263,-0.654819251051644,0
"14",0,1.97283056089676,2.12873228180589,1
"14",1,-0.994961284777481,-1.14152880153269,0
"14",1,0.0731312913437948,0.746346787900635,0
"14",1,-0.911005670223159,-0.687221925282929,0
"14",0,0.897385702437484,1.28889699045147,1
"14",0,1.26359429692892,1.88340336687443,1
"14",1,1.42668345503411,1.65720994738437,1
"14",0,1.11217517635661,0.831220977822005,1
"14",0,1.55117357183634,2.09771309043522,1
"14",1,1.07688786202401,1.17075022177887,1
"14",1,-0.0517878754254787,-0.600267589190774,1
"14",1,0.640932874493738,0.596614488738914,1
"14",1,-0.652851764204617,-0.754256523379276,0
"14",1,-0.0190382282249816,-0.0652072158763207,0
"14",1,1.33094793510089,1.54140520068918,1
"14",1,-0.123089883528998,0.619913208699546,1
"14",1,0.659046477721009,1.25223483929764,0
"14",1,-1.22023717147195,-0.525846502491455,0
"14",1,-0.430374751630258,-0.016745321263033,0
"14",1,0.0450749302932308,-0.460209201940278,0
"14",1,0.406103421137889,0.330214151538397,1
"14",1,-1.36388446528474,-1.282306663773,1
"14",1,0.472431251409206,-0.183131665597282,1
"14",1,-0.870683305009316,-0.943319024460498,0
"14",1,1.85257952838986,1.93568092954007,1
"14",1,0.479351208075082,0.645594404740593,1
"14",1,-0.822014426946514,-0.853158851461176,0
"14",1,0.633633970385905,1.07358044763286,0
"14",1,-0.240206135026656,-0.525301748353431,0
"14",0,0.451390398216679,0.451714106453126,1
"14",0,0.214778028849598,0.588074208361129,0
"15",0,-0.459976489739459,-0.442516475289126,0
"15",1,-0.883236153625717,-0.532135827015355,0
"15",1,0.850395183261811,0.566418289660701,0
"15",0,1.35761502904912,1.70916257751865,1
"15",1,1.35578238551459,1.15376951931601,1
"15",1,-0.325737664881678,-0.833104488480607,0
"15",1,0.992238811308577,0.380954150254608,1
"15",1,0.0104026229717811,0.140979329159926,0
"15",1,0.611488046090716,0.480942823442371,0
"15",1,-0.129116427339141,0.848407858885644,0
"15",0,2.68296880620368,2.51743944409953,1
"15",1,-0.919631118126941,-0.588591355447852,0
"15",1,0.358789737514156,0.234066230833703,0
"15",0,-1.65426414883213,-1.60529840215103,0
"15",1,0.892950392774251,0.371296699016514,1
"15",1,0.961595793170625,0.94002567817996,1
"15",1,1.34262079441403,0.776357640656849,1
"15",1,-1.92787859558003,-1.87092439512251,0
"15",1,0.302728429968152,-0.225012511800137,1
"15",0,1.36068539885975,1.92140190172798,1
"15",1,-0.482254090367528,-0.94012458670663,1
"15",1,-0.387990336496494,-0.315960377547038,1
"15",1,0.247858939423732,0.28019727904533,0
"15",1,0.0888974241846185,0.373408659110693,1
"15",0,0.962461069706091,0.916793529626175,0
"15",1,1.78206323068193,0.340140301744527,1
"15",1,0.341608379260311,-0.205783629283673,0
"15",1,0.446843678270664,0.0719121760965169,0
"15",1,2.36262395176421,2.64316513919515,1
"15",1,0.626076866529157,0.615515894389999,0
"15",0,-0.131906636926531,-0.351116588902628,1
"15",0,-1.89639982423283,-1.18804405907682,0
"15",1,-0.16127215634799,-0.17213767481964,1
"15",0,-0.295608752001345,-0.168583545674392,0
"15",1,-0.150863929590302,-0.233673718912621,1
"15",0,-0.780083148518485,-0.647400570945156,0
"15",1,-0.775479263145796,-1.28388574628398,1
"15",1,-0.401232675043983,-1.31069507809309,0
"15",1,0.0865655607611381,-0.351545219024586,0
"15",1,1.49753500005376,1.21082486421594,1
"15",1,1.09668956768551,1.11355498863965,1
"15",1,-0.26953175997131,-0.228849344992925,0
"15",1,-1.32177213876909,-1.70403948376566,0
"15",0,-0.723786418442751,-1.42566819347109,0
"15",1,-0.192521388189485,0.449705590296292,0
"15",1,0.42698593920735,0.144124838891596,0
"15",0,-0.880114335811769,-0.344408369739867,0
"15",1,1.87012734875807,2.50418996034016,1
"15",1,-0.16815883501807,-1.08519356696495,1
"15",0,-1.11990040944934,-1.05437935017959,0
"15",1,0.0541174535812323,0.227653690266805,0
"15",1,-0.601038792896728,-0.826081362557795,0
"15",1,-0.0364080513266072,-0.102935480072075,1
"15",1,-0.270289083209316,-0.232848544443092,1
"15",1,0.392937463390006,0.3433869912095,1
"15",1,-1.95869714650738,-1.21057352911319,0
"15",1,0.260958948035948,0.604248953813731,0
"15",1,0.0482870406213302,-0.112836205480717,1
"15",1,-1.80664785155421,-1.27657137378776,0
"15",0,1.33943735982209,1.61005840407972,0
"16",0,0.694502022923071,1.07639082827352,1
"16",1,2.49737379879915,1.9928544133455,1
"16",1,0.268412349778677,0.560644538841987,0
"16",0,-0.15503296741864,0.340519942890014,0
"16",0,0.331382457454009,0.414060798122172,0
"16",1,-0.00353170302540048,-0.0426450424015437,1
"16",0,-1.82174991873887,-1.82848054509408,0
"16",0,-1.68967421176857,-1.85297899185804,0
"16",0,-0.23077159228362,-0.132699568609352,1
"16",1,-0.891631103727123,-0.996380160039018,1
"16",0,0.260839645294586,0.0532640367242993,0
"16",0,-1.31245534474338,-1.56109549575716,0
"16",0,-1.87573530577297,-1.02859860374325,0
"16",0,-1.19476368204399,-1.2060708380581,0
"16",1,1.23245507012213,0.857093398970257,1
"16",0,-1.54833112339895,-1.24968232119278,0
"16",1,-0.685314708379125,-1.32020282611837,0
"16",0,-0.0959658842526444,-0.0293405017280699,1
"16",1,-0.162855192180093,-0.45649907596333,0
"16",1,0.560987143801563,0.0347169045798874,0
"16",1,2.44497338381809,2.02030199240023,1
"16",0,-0.884924076241279,-1.42583724142589,0
"16",0,-0.946262815712718,-0.177991693757579,1
"16",1,-0.733573667349803,-0.138865076716596,0
"16",1,1.70227518654516,1.52707695895402,1
"16",0,-1.34744603770602,-1.34737690049616,1
"16",1,-0.287182304275755,-0.140167268019361,1
"16",1,1.21397801721373,0.75992701875049,1
"16",0,-1.14291092918124,-1.3062791178408,0
"16",0,1.59038285999147,1.50342124534531,1
"16",0,0.459306109563571,0.402296074357618,1
"16",1,-1.39868097555926,-0.706677282975657,0
"16",0,0.0248068484305037,0.798434703028008,1
"16",0,-0.268539585356891,-0.185542238516439,0
"16",0,0.313094661133473,0.0874838033847159,1
"16",0,-0.282498531510187,0.367468095609525,0
"16",0,0.730329093292834,1.54973570045168,1
"16",0,-0.982107369992142,-1.43354734378412,0
"16",0,-0.416452980541893,-0.636411844935041,0
"16",1,-0.0795793373719356,-0.218915152906282,0
"16",0,-0.802946386080612,-1.20021834669731,0
"16",0,-0.69506326011363,-0.708559006552287,0
"16",1,-0.0203229335037688,0.652041126275804,0
"16",1,-0.155558824816829,-0.978764000847979,1
"16",1,-2.80062792931566,-2.24639027293319,0
"16",1,0.957309580466975,1.18421070876503,1
"16",1,0.360390471039248,0.259025261667381,1
"16",1,2.25634695824344,1.9266595496214,1
"16",1,0.824746349654942,0.590640109967794,1
"16",0,-0.264322195655607,-0.643639050613419,0
"16",0,2.54946444193113,2.83041768464467,1
"16",0,2.51447797341062,3.03106191726282,1
"16",0,-1.53092954610475,-1.10225566712767,0
"16",1,0.556312152472296,0.278437611689049,1
"16",0,-0.519124750108222,-0.532587934152405,1
"16",1,0.455917154415998,0.462062863206326,0
"16",0,0.505841399194554,0.0292978956133065,1
"16",0,-1.32888209907226,-0.971814066552899,0
"16",1,0.657051104194767,0.439198144108863,0
"16",0,1.37329807034854,1.41627836927565,1
"17",1,-0.00188669838745029,-0.234414217668693,0
"17",0,0.0772067591149993,0.295298603819178,0
"17",1,1.24977329194736,1.65024577145234,1
"17",1,1.25599706787452,1.01201928094641,1
"17",1,-1.59148787768508,-2.00323309295703,0
"17",0,-0.390057648716987,-0.45350491731194,1
"17",1,1.70712171363203,1.74359835097358,1
"17",0,1.94018451708302,0.859356095377191,1
"17",0,0.189326973821191,0.440719044983486,1
"17",1,0.21350800066359,-0.185505544740589,1
"17",1,-0.455518692589356,-0.614671330188338,0
"17",0,0.122629779833542,0.65805973270299,1
"17",1,-0.187236050692468,-0.944465266344439,0
"17",0,-0.552477586251209,-0.222409522447209,0
"17",1,0.827085128811745,1.05563858357386,1
"17",0,-0.981869821666957,-0.806677111571341,0
"17",1,0.198001962133111,-0.556964140052836,1
"17",1,1.0947616495405,-0.304336138300105,1
"17",1,-0.229526995169093,-0.823222339972466,1
"17",1,1.75522475865811,1.29963555041019,1
"17",1,-1.08362854412005,-0.271189436249294,0
"17",1,0.736988331776381,0.780313971822089,1
"17",1,-0.658891537085927,0.278387276590819,1
"17",1,-0.21418591452334,-0.00343258934073819,0
"17",1,0.715626197089929,0.0352506542923999,1
"17",0,-1.14434219535328,-1.14614001126692,0
"17",0,-1.34360568606832,-1.34245175070567,0
"17",0,-0.444378663599467,-0.421216056377137,0
"17",1,1.76037617065535,1.85543206214604,1
"17",1,0.286407234704879,0.453727303086056,0
"17",1,-0.0758961216684741,0.483576563631397,1
"17",1,-0.440696918102284,-0.385360240283425,1
"17",0,0.388491747443955,0.526690537839362,1
"17",1,-0.909655309369306,-1.23579213519471,0
"17",1,0.795487386656388,0.304688169547527,1
"17",1,0.0761830453092106,0.0541785385843107,1
"17",0,-0.503789395770233,-0.746739936365374,0
"17",1,0.238106955027663,-0.361947529930127,1
"17",1,0.516093850473076,1.13643240879471,1
"17",0,0.46453868226304,0.255874160824391,1
"17",1,1.26548965415536,1.53371156886892,1
"17",0,-0.770560318339249,-0.542181288983595,0
"17",1,1.30666927486974,1.23378233330454,1
"17",1,0.987889915696105,0.405280957523721,1
"17",1,-0.0571731547020328,-0.1953920762628,0
"17",0,-0.984773112031778,-0.655786191274043,0
"17",1,-0.780748190584734,-1.19858767291833,0
"17",1,0.658647947292528,0.202086068696484,1
"17",0,-0.557205811229115,-0.411923706813615,1
"17",1,1.96081025262468,1.95006388410526,1
"17",1,-0.147034798328429,-0.086796373471324,1
"17",0,0.0975664208298662,-0.371336280274668,0
"17",1,-0.953313372461889,-1.05789308207279,0
"17",0,0.0154707065935572,-0.0702598643137051,0
"17",0,0.523242046372099,0.457205130901227,0
"17",1,-0.57694252180719,-0.635839498605778,1
"17",1,0.579827403614067,0.16789984154482,1
"17",0,-0.635516099793425,-0.233267974465481,0
"17",1,-0.346352450124945,0.327907571424803,0
"17",0,-0.542478565943143,0.0463294044652322,0
"18",1,2.06452385236631,2.06371515599451,1
"18",1,0.26437026164071,0.461860620456054,1
"18",1,0.0159021287707622,0.099107794929603,1
"18",1,-1.55581682841031,-2.01530529017651,0
"18",1,0.570801621287371,0.80546522771557,1
"18",1,-0.740363798708272,-1.08385589407193,0
"18",1,-1.00323336340753,-0.624727716241939,0
"18",1,0.815417445131769,0.880120863389329,1
"18",0,-0.871000608275402,-0.763665258177603,1
"18",0,-1.65676580147006,-1.29983424467343,0
"18",1,1.47357172415051,1.92679017035217,1
"18",0,-2.19687779935659,-2.31172636354263,0
"18",1,1.03373723671457,0.742012265543592,0
"18",1,1.19118412926126,1.1885248870235,1
"18",1,-0.255149999207412,-0.975964621999724,0
"18",1,-0.0104125366314155,0.58446401827669,1
"18",0,0.0674219277108121,0.177362992487496,1
"18",1,1.19341593028905,1.01542032765089,1
"18",1,0.369817127958827,-0.147564676247845,1
"18",1,-0.0209084225839969,-0.00661168199323321,0
"18",1,1.53183723103963,1.03657446873495,0
"18",1,1.46230759817756,1.05742362264652,0
"18",1,-1.40709445439594,-0.949425777533187,0
"18",0,-1.48917980250921,-1.3167344416003,0
"18",1,-0.146126667416018,0.464380701127995,1
"18",1,-0.446331886984638,0.0388266961393223,0
"18",0,-1.15012650220397,-1.47783388635979,1
"18",1,-0.0366149749096121,-0.381678388273083,1
"18",0,-1.27937165518991,-0.745246674126772,0
"18",1,0.449503438143129,0.546148405950402,0
"18",1,-0.940668078126801,-0.794268686346566,1
"18",1,0.884057050516144,0.655370164316446,1
"18",1,2.43819465258024,2.38972278669108,1
"18",1,-1.00842453773748,-0.923290803642296,0
"18",1,1.13119311987881,1.82306191613929,0
"18",1,0.797056666241402,1.069846303636,1
"18",1,-0.0283526896985386,-0.300722000867413,1
"18",1,-0.534724110900473,-0.301908734402628,0
"18",1,1.64979206527261,1.93908943950131,1
"18",0,-2.33228678708535,-1.98417196976571,0
"18",0,-0.905078102463429,-0.892580218506381,1
"18",1,-1.23268447463014,-1.01827964936414,0
"18",1,1.20747059474601,1.49124948580015,1
"18",1,-0.388232936205525,-0.342238476346422,1
"18",1,-0.891750254669788,-0.557992043294693,1
"18",1,3.31342342085362,2.9773940912255,1
"18",1,0.590562609099517,-0.180633346029509,0
"18",0,-0.577972581581218,-0.442436028535824,0
"18",0,0.705378424918643,0.814518451425973,0
"18",1,-0.997337710661381,-1.44315553139533,0
"18",1,0.258676595822757,0.274467670464594,1
"18",0,0.0984276798339367,0.541754012948889,0
"18",1,0.791185584406858,0.702567945308212,0
"18",1,-1.11801363007359,-0.649163778149162,0
"18",1,-0.972391652942925,-0.815298913567646,0
"18",1,-0.503968442493873,0.036553843845674,0
"18",1,-1.03792785226495,-0.692810466024778,0
"18",1,1.50910785174326,1.45601288116922,1
"18",1,1.51192453173055,1.5399288060006,1
"18",1,0.367585163466746,-0.494653260820649,0
"19",0,-1.09574491586119,-0.0178022655306899,1
"19",1,-0.160748116371951,-0.406066567001113,0
"19",0,-0.0956332759953867,0.26456914108042,1
"19",0,-0.241083706022295,-0.396275259530145,1
"19",1,-0.0260538357816051,0.354586634984496,1
"19",0,-0.689529867668361,-1.0051737872403,0
"19",1,-0.587411690465684,-1.19753164014536,0
"19",0,1.16648971416524,0.828159848628657,1
"19",0,-0.949471559209143,-0.770362567900667,1
"19",1,0.662332276771802,-0.00862160783030491,1
"19",1,-0.131062549095718,-0.100852312227137,1
"19",1,-1.20166668092534,-1.56418503030678,1
"19",1,0.643353607377771,0.729686082216987,1
"19",1,-0.0927277380068015,-0.220343430391351,1
"19",0,1.46212995461356,1.47866761420979,1
"19",0,-0.397197322744462,-0.253435063881945,1
"19",1,0.0486412653206765,-0.309138615568296,0
"19",0,0.545142818506869,0.400424167038532,0
"19",1,-1.29057953159594,-1.45110269961509,0
"19",0,-0.748703853068505,-1.26925409549042,0
"19",0,0.126320610554596,0.525147127870921,1
"19",1,-0.121438058591735,-0.604500480408736,0
"19",1,-0.0553292088947989,-0.180487831618342,1
"19",1,-0.333236932607662,-0.87382869965023,1
"19",0,-0.493373719788508,-0.0473384509841356,0
"19",1,-1.95392778660701,-1.39736674780555,0
"19",1,0.421485301309454,0.844910809809968,0
"19",1,0.807248825580932,0.193641949601873,1
"19",0,-0.953639927500728,-1.32069564521397,0
"19",0,1.7939964487018,1.11830018242141,1
"19",0,0.0651429985366508,-0.214188246970202,1
"19",1,1.21408694242116,1.57526496240252,1
"19",1,-0.919731033476184,-1.82757789954777,1
"19",1,0.0424185744617648,0.910696690392642,0
"19",1,-0.34676186292179,-0.492786792143536,1
"19",1,0.820857432129834,0.490847479817341,1
"19",0,-0.750368709778933,-0.184540006833561,0
"19",0,-0.33115534120852,0.344552772434475,0
"19",1,-1.81780360568093,-2.17718834731419,0
"19",0,-0.661862798076476,-1.58549243282496,1
"19",1,0.233850871771186,0.80031542272441,0
"19",1,-1.39082800072818,-1.64049164400796,1
"19",1,-0.673595264437424,-0.702943561345423,1
"19",0,-0.0310892745541065,-0.544627930662226,0
"19",1,0.43497780768214,0.717843988897427,1
"19",0,1.04327448175182,1.45810368978503,1
"19",1,-0.95528672922879,-0.577724769284072,0
"19",0,-0.547503441679942,-0.413828595905344,1
"19",1,1.23249005717341,1.41299350579477,1
"19",0,-2.00813771950471,-2.21390944369745,0
"19",0,-0.481001936652046,-0.836682534448639,1
"19",1,2.44982115066242,2.54073780819756,1
"19",1,2.04655503316675,2.31131733182904,1
"19",1,0.289272107719342,-0.040346956776822,1
"19",0,-1.38400800215464,0.0365516219200434,0
"19",0,0.238579950998615,-0.408420512418826,1
"19",0,-0.509692406651074,-0.496848712494088,0
"19",1,1.37511044894825,1.56232138179991,1
"19",1,-0.862325290030607,-1.22564301108226,0
"19",0,-0.0519894351024693,0.305864672783,1
"20",1,0.478272668708784,0.743531890143523,1
"20",1,-0.649860544727708,-0.614980748536851,0
"20",1,0.704260977362047,1.55924353945362,0
"20",1,-0.613840909255464,-0.456912256838224,0
"20",0,0.173343272997686,-0.258498881898596,1
"20",1,0.997263411685357,1.08059117366036,1
"20",0,-1.38859338427835,-0.966878613392889,0
"20",1,1.35618532263816,0.863504432381543,1
"20",1,-0.902772205896529,-0.369181758493246,0
"20",1,-0.0396426560876316,0.571330250598728,1
"20",1,-0.159238641535094,-0.147623963753638,1
"20",1,0.0189779587297997,-0.526321148703276,0
"20",1,0.560450595552994,0.786103531937397,0
"20",1,-1.27065661454536,-1.48203728416978,0
"20",1,-0.140413171981058,-0.00718373650034495,0
"20",0,0.615309746506782,0.234755280077646,1
"20",1,-1.96728132913171,-2.17395941877486,0
"20",1,-1.50827299872386,-1.9871613650835,0
"20",1,-0.866336964852132,-1.45135212590965,0
"20",0,-1.64422244480728,-1.20867997538804,0
"20",0,0.249287169416728,0.181527129701554,1
"20",1,-0.786377089394522,-0.84798795337468,0
"20",1,-2.16971147057262,-2.71140454191368,0
"20",1,-0.711136139311365,-0.574595632767057,0
"20",0,0.101786508959223,0.177401944104795,0
"20",1,0.777330112408628,1.05194286651781,1
"20",1,-0.870631397224706,-0.423405684975286,0
"20",1,1.69810126223589,1.5936462858513,0
"20",1,-0.048890654434171,0.708383061065387,1
"20",1,0.292077769694901,0.081558378018344,1
"20",1,-0.48732126819011,-0.716992259729533,0
"20",1,2.01666425167268,2.30835350514741,1
"20",1,0.0804609560338421,-0.0745345401628983,0
"20",1,-1.65867499144273,-1.04812092058338,0
"20",0,-0.272216239648584,-0.451001886408743,1
"20",1,-1.95017510685651,-1.98027000077948,0
"20",1,-0.0444100413546872,0.239140153604686,0
"20",0,-0.589771339274396,0.056239020591334,0
"20",1,0.44776597925472,0.320082250646842,1
"20",1,0.814920993962899,1.14458415060292,1
"20",1,-0.779791916723314,-0.606710069374485,0
"20",1,0.935979874988913,0.414646485910014,1
"20",1,1.13920762989334,1.2217665289852,1
"20",1,-0.957588095649126,-1.11369120333922,1
"20",1,-0.729814858177101,-0.875951676390467,0
"20",1,0.807608994285134,1.0885620426547,0
"20",0,0.415683268342167,0.134157569363944,0
"20",1,0.468416984210538,0.417347854908365,1
"20",1,1.40213794464851,1.30643074432946,1
"20",1,0.527992498233753,1.23992741458033,0
"20",1,1.04851696450723,1.29410174906695,1
"20",0,0.287911638441098,0.368562479161554,1
"20",1,0.497128940710058,0.259354115859393,1
"20",1,0.869345642171356,0.618896340798223,0
"20",1,1.10222635112144,1.21267594563299,1
"20",0,-1.43357055502295,-0.453606325905568,0
"20",1,-1.36100121281636,-1.08135061966753,0
"20",1,0.0155755756163735,0.037948460011687,1
"20",1,0.397020905097687,0.159281987041873,0
"20",1,0.185574356248106,0.206233158685575,0
"21",1,1.08556305128045,0.43321223750717,1
"21",1,1.16222698983168,1.31872875545899,0
"21",1,-0.594127550300578,0.0620913469163097,0
"21",1,-0.0925700344833693,-0.189912497038384,0
"21",0,-0.461729139009499,-0.519587679714313,1
"21",1,1.49766803475122,1.93714132855805,0
"21",0,0.143673849966633,-0.0724027215304994,1
"21",1,1.18004616287196,1.02472463295612,1
"21",1,-0.20156594846421,-0.184023548687335,1
"21",1,1.4881765574958,0.627794826367149,1
"21",1,1.30278266464114,0.761738520421992,1
"21",1,0.20834908266168,0.374983281061771,1
"21",1,0.587519218252207,0.635358644339902,0
"21",1,-0.124238026382247,-0.705559892827937,1
"21",1,0.0766351591739177,-0.442668485503554,1
"21",0,-0.155907612420083,0.0314898769565812,1
"21",1,0.460296800546071,-0.0286557245877848,0
"21",1,0.843142842489701,1.19727698583411,1
"21",1,-0.12594389860466,-0.224019797148906,1
"21",1,-0.0796803486170409,-0.197180388860997,1
"21",1,-1.11987783817122,-0.531124897037421,1
"21",1,-0.242003740662322,-0.261208196102648,1
"21",1,-0.560458810078331,0.289477359476758,1
"21",0,-2.80125282557078,-2.04221281943241,0
"21",1,-1.15078244688926,-1.14696635412417,0
"21",1,-0.171526173382549,-0.489200894590885,1
"21",0,0.13035855449682,-0.0973055045151845,0
"21",1,-1.12391101263315,-1.29448080749758,0
"21",0,-1.78593825319832,-1.15755634422425,0
"21",0,-0.560160168684699,-0.255887645743359,0
"21",1,1.0640770228857,0.96375902740526,0
"21",1,2.06671894665278,1.44047595971164,1
"21",1,0.428881324463196,0.386211280486249,0
"21",1,1.58765004511463,1.54984149882772,1
"21",1,0.190966516514228,0.343558232818954,0
"21",1,0.385440754464531,-0.384743834256965,1
"21",0,-0.151364290871162,0.965907211480782,1
"21",0,-0.488485881916605,-0.744129140203326,0
"21",1,-0.286615371708019,-0.414934628428068,1
"21",1,0.347830608615554,0.510581123284238,1
"21",1,-0.711263675772044,-1.21074761401766,0
"21",1,-0.285349088847716,0.376322802477551,0
"21",0,-1.23401448467743,-1.54513112818244,0
"21",1,0.582530195967477,0.693978530378597,0
"21",1,0.451535826136396,0.389825009376037,1
"21",1,0.0879713899280565,0.713368689370288,1
"21",0,-1.1006862752228,-1.09028604558394,0
"21",1,0.0170395747189273,0.242424079427482,1
"21",1,-1.08524851251261,-0.780701767761856,0
"21",1,-0.335472639834495,0.0855393693276407,1
"21",0,0.967651867767506,1.32560318723731,1
"21",1,-0.391583646369395,0.259047780888945,0
"21",1,0.996736875414829,0.483074577711192,1
"21",1,-0.611285785983794,-0.920213195012902,0
"21",0,-0.494575623730089,-0.688352444245837,0
"21",1,0.858023740243887,0.182544182810956,1
"21",0,-0.176514834653077,-0.706478000480766,0
"21",0,-1.21065367692428,-1.30185738089622,0
"21",1,1.06926714824907,1.63488602040914,1
"21",0,0.687254066103097,0.100060784812429,1
"22",1,-0.502403089181139,-0.294242559589881,0
"22",1,-2.06734927107186,-1.99394218922948,0
"22",1,1.82090911785184,1.59555487150072,1
"22",1,3.53410413711414,3.65202377319841,1
"22",1,0.0368700270442161,0.182565025756266,1
"22",0,0.881590472872213,0.47914277718888,1
"22",1,1.11116482454632,1.31085841748763,1
"22",1,-0.796555260724146,-0.533330883211738,0
"22",0,-0.323886034791155,-0.135424903064908,0
"22",1,-1.78180469812165,-1.35813529842649,0
"22",0,-0.508920768619434,-0.382189733316563,0
"22",1,0.506824322242881,0.455810784318509,1
"22",1,-0.145760778411163,0.187405090974013,0
"22",1,-0.00550832347413409,-0.093835699011701,0
"22",1,-0.368043259536753,0.542172164492376,0
"22",0,-1.59190654516162,-1.48884269425161,0
"22",1,1.06693300103348,0.723970219971294,1
"22",0,-1.11038903373477,-1.34559911982042,0
"22",1,0.41403168431159,-0.389917994633359,0
"22",1,-0.523417657461564,-0.201205970281765,0
"22",1,-0.171052109656601,0.502243041121296,0
"22",1,1.45770177149655,1.25305976826197,1
"22",0,-1.04006620423758,-0.423919093379238,0
"22",1,-0.271662611329695,-0.536597642313286,0
"22",0,-1.46416475758802,-0.745505880525191,0
"22",1,-1.0400649643781,-1.55857645003635,1
"22",1,-1.2352663780461,-1.09338373567498,0
"22",0,-0.150029679594502,0.813922201139896,1
"22",1,-0.738653727274669,-0.783490701205959,0
"22",1,-0.0354844207441123,0.330815512344176,1
"22",1,0.0599472320863157,-0.323556061990331,0
"22",0,-1.83772278011076,-0.681341468788344,0
"22",1,-0.718401297669487,-0.565620551773482,0
"22",1,0.67053824274894,1.13272478050786,1
"22",1,1.17247001872051,0.725512459244609,1
"22",1,1.88649733042361,2.24090016561496,1
"22",1,0.0309116585367221,-0.532516579580289,1
"22",0,-1.55745761912664,-1.32606796107709,0
"22",1,-0.583041527115241,-0.483545679098595,0
"22",1,0.623741611418637,-0.0938052313106826,1
"22",0,1.61560443293019,1.77462507495171,1
"22",1,0.53574898253131,-0.199949138086684,0
"22",1,1.25128759049126,0.736695810729139,1
"22",1,1.17379785476042,0.762190092859871,1
"22",0,-1.59333127310042,-0.588071631276263,0
"22",0,-0.039121641469144,0.200120091728908,0
"22",1,1.11857377557505,1.87462437033734,1
"22",1,1.0660076708441,0.774508613252704,1
"22",1,0.692251947354199,0.141323755191967,1
"22",1,0.468998902774631,0.857655462913034,0
"22",0,-0.558276413584602,-0.300140494893993,0
"22",0,-1.33239308717165,-0.314256765925247,0
"22",1,1.49481811116119,1.19432701646258,1
"22",1,-1.22802236832702,-1.97577728889866,0
"22",0,-1.09519090210075,-0.168913513905376,0
"22",1,0.392751822388348,1.3174969952604,0
"22",1,-0.920404636402315,-1.31474012190684,0
"22",1,-0.315246102192725,-0.942637954110981,0
"22",1,-1.25487894047951,-1.56956580641221,0
"22",1,0.217562974307852,-0.338524768505012,1
"23",1,0.15887889865376,0.26997583212121,1
"23",1,0.371759406147852,0.106560874544882,1
"23",1,-0.00715416577052434,-0.166661930017901,1
"23",1,1.04245224977811,0.224597780702266,1
"23",1,0.548401656806186,0.74722146035185,1
"23",0,-2.63599186427888,-1.30698668355367,0
"23",1,0.200816712744715,0.230816800797809,0
"23",1,0.12582199825143,0.943368129678226,0
"23",1,0.585820798663379,-0.0762446010609777,1
"23",0,-1.39362371920168,-0.616663672694664,0
"23",1,-0.463293645321144,-0.263571747263445,0
"23",1,-0.78201451682112,-0.743947629500274,0
"23",1,0.948071428296286,0.969244124527369,1
"23",1,0.696101252873764,1.36213853476407,1
"23",1,0.474135219993134,1.07602630387886,1
"23",1,-1.36748579055811,-0.97425787032378,0
"23",1,0.643063935992939,-0.202126507365542,1
"23",1,1.07872560545967,1.09264377786287,1
"23",1,0.538859715760116,0.0956379358615894,0
"23",1,-0.493796893020987,-0.538475349187662,0
"23",0,-1.01684010583334,-0.636052181971117,0
"23",1,-0.403126350936259,-0.86414212376522,0
"23",1,0.57629717059283,1.17373758051437,1
"23",0,-0.310279545060529,-1.137307680626,1
"23",1,0.829811812491812,0.848297644727695,0
"23",1,1.25380805313539,1.00375944667815,1
"23",1,0.764105388160169,0.585228642858107,1
"23",1,1.03253037424229,0.575331163217288,1
"23",1,-1.69680911510287,-1.41334658562326,0
"23",1,-0.425298178782867,-0.351730865011978,1
"23",1,-0.135955627551743,0.0489723531027133,1
"23",1,0.793110060685901,0.218539984969982,1
"23",0,-1.07356356387435,-1.36589539871229,0
"23",1,0.424253479845555,0.114531949846038,1
"23",1,-0.111268197075078,0.198694897481577,1
"23",0,0.293098294604585,0.119060245961611,1
"23",0,-0.0291961997266959,0.077789371704968,1
"23",1,-0.397838235706095,-0.135862354274426,1
"23",1,1.24008231415546,0.255639028770554,1
"23",1,0.106765510101428,0.459511550840824,1
"23",0,-0.368514761813208,-0.023331370373394,1
"23",1,0.751026889720948,0.836825828657972,1
"23",1,0.192358202917416,0.474072172090591,1
"23",1,0.369904089129767,0.792876637194885,1
"23",0,-0.619429300210244,-0.527195223736531,0
"23",1,1.390224085637,1.86990947716401,1
"23",1,-0.0349873487311146,-0.924296113322342,1
"23",1,0.933496359972934,0.94388210186395,1
"23",1,0.154201492791203,-0.140067071021956,0
"23",1,-0.799794132057663,-0.423549608002913,1
"23",1,0.753813225186698,0.735655058021474,1
"23",0,-1.59084831169254,-1.952501651713,0
"23",0,0.580718428318183,0.622526986920911,1
"23",1,0.38417799123473,0.365168298246998,1
"23",0,-2.78053098248613,-2.21592887668361,0
"23",0,0.371174674145724,0.777457238748057,0
"23",0,-2.12466685383918,-1.83104653519888,0
"23",0,0.561040516575267,0.977818381108107,1
"23",1,-0.404857913339323,-0.845916848677698,1
"23",1,-0.22583354302091,-0.883733519425901,0
"24",1,0.301697880743573,-0.230041246856718,0
"24",1,1.54909406915332,1.46086171382631,1
"24",1,-0.672052563223654,-0.635867509923772,0
"24",1,0.928376123960189,0.933391899142204,0
"24",1,0.632425654936401,1.42979606731655,0
"24",1,-1.3807214987345,-1.75657084202744,1
"24",1,-1.75904188575361,-1.89079203632849,0
"24",0,-2.54363941493663,-1.60481155775229,0
"24",0,1.31972732294999,0.879313165880233,0
"24",1,-0.442319308897367,0.000511030528417333,1
"24",1,1.10467144384774,2.0439218521806,1
"24",1,0.563782714973214,0.556489364078791,1
"24",1,0.705823208705552,0.496579020114451,1
"24",1,1.09741518188255,0.870723706270114,1
"24",1,-0.429650624823259,-0.450412893039459,0
"24",0,-0.0929318727524481,0.0626348006570133,1
"24",0,0.80623943936502,0.368421083048115,1
"24",1,1.42531361143121,0.6044193451192,1
"24",0,0.596197902246434,0.968840264767502,1
"24",1,0.494590619466838,0.374377290771853,1
"24",0,-0.744348383104426,-0.45069551233445,0
"24",1,0.620859001921368,0.553875668004776,1
"24",1,0.656253349166225,0.190833185068849,1
"24",0,0.656746128657208,0.504354303695177,1
"24",1,0.951096468582943,0.246216364982659,0
"24",0,-0.230545899391548,-0.047713510127175,0
"24",1,-0.0656610458924804,-1.00216847171277,1
"24",0,0.709924637835236,1.02669956841668,1
"24",1,0.179328038486267,0.335640533257003,0
"24",1,-0.641857224727734,-0.24761600551984,0
"24",1,-0.0117833387930419,0.0818138517625919,0
"24",1,-1.11605571091445,-1.21639744380082,0
"24",1,-0.832735284665301,-0.795045336880111,0
"24",0,0.0960547864859216,-0.046609986580333,0
"24",1,-1.77661321083822,-1.26267910393889,0
"24",1,-1.64380263302456,-1.45332503228774,0
"24",1,1.02044401516511,0.52587390001109,1
"24",1,-0.262964716652813,-0.614814214032551,0
"24",1,-1.49386732038574,-1.35945335611574,0
"24",0,0.225013018775559,0.109498122150179,0
"24",1,1.78465321954645,1.71752179931324,0
"24",0,1.05199582826173,1.05565901767415,0
"24",1,0.495911579714656,0.6954041066898,0
"24",0,1.25985056291113,1.44610210076973,1
"24",1,-0.414343145708652,-0.457422115518417,0
"24",1,0.274396273182645,0.112478617684146,1
"24",1,-0.879420475677009,-1.09034660127858,1
"24",1,-0.438328992632075,-0.819500466554119,1
"24",1,1.64529520681983,2.09882839805052,1
"24",1,1.03264715133042,0.886374883870393,1
"24",1,1.03590535781529,0.943077841916887,1
"24",1,-0.898941674010464,-0.654754776106394,0
"24",0,-0.272232259977231,-0.907560989927736,0
"24",0,1.94621247676235,1.72963696073625,1
"24",1,-1.02948044744117,-1.3401449072162,0
"24",1,0.180283249415373,-0.193568367779335,1
"24",1,1.06398586413432,0.737785431577971,1
"24",1,1.32598123871362,1.37095910739117,0
"24",1,0.950281770358501,0.938044743344754,1
"24",1,0.00455069817380505,-0.188309224745008,0
"25",0,-0.68237970272294,-0.70903709444136,0
"25",1,-0.597068899618129,-1.04435995448885,1
"25",1,-0.847381543673202,-1.25637493321453,0
"25",1,0.812951140481383,0.507771363237858,1
"25",1,1.38515074568673,1.66054416008613,0
"25",1,2.0034027288167,2.13699691528476,1
"25",1,0.487833007963425,-0.237847290893278,1
"25",0,-0.889449025116829,-0.941689547804386,0
"25",0,0.855578935402137,0.931214284185399,1
"25",1,0.486665863511979,0.676550096296047,1
"25",1,-0.140816697928124,-0.216813745955265,0
"25",1,-1.35358439271201,-1.40297102384187,0
"25",1,0.51784345165472,1.00469000000249,1
"25",1,0.662814293135941,1.0623882461333,1
"25",0,-0.198301068520969,-0.220314768253502,0
"25",1,0.207611060218541,0.404166126692575,1
"25",0,0.23761263332547,-0.111305931706357,0
"25",0,0.614841146659655,1.25793557943066,0
"25",1,-0.48063090843401,0.145116655516726,1
"25",1,-0.470906459618653,-0.554146052315182,1
"25",0,0.278662315254588,0.147268009390974,0
"25",1,-0.142904953552792,-0.103635944183473,0
"25",1,-0.131578234112491,0.403466458566487,0
"25",0,-0.279738382641635,-0.486964911536139,0
"25",1,-0.0327109587557937,0.433884119311253,0
"25",0,0.184539856611508,0.0172946621573081,1
"25",1,1.05259369550032,1.11130113948167,1
"25",0,-1.4041210265939,-0.941748905661026,0
"25",1,-0.281575030877702,-0.432733252181507,1
"25",1,0.723881472512239,0.555991165446459,1
"25",1,1.43800340442091,1.67641072335371,1
"25",1,0.250314630615707,1.06763021411544,0
"25",1,-0.311431288732286,0.0464572621520291,1
"25",0,-0.956756239815346,-0.329649503186027,1
"25",0,0.133777336654862,-0.227997551431678,1
"25",1,1.27511787337726,1.19197116222554,1
"25",1,0.140116814539389,-0.688084085113647,1
"25",1,0.0397142195452442,0.488135311411856,0
"25",1,0.0172211844222336,0.120155461439189,1
"25",0,0.705493673200836,0.754085629095607,1
"25",1,1.16153934219755,1.06454389124706,1
"25",1,-0.022025416984179,0.187810605814519,1
"25",1,0.0133303232543875,-0.491454102891132,1
"25",1,1.20935095136939,1.27227719720645,1
"25",1,0.303158802346452,-0.187107029882978,1
"25",1,1.08908774849548,1.64762037397927,1
"25",1,-0.141284313738655,-0.117327542861054,1
"25",1,0.652466450596655,0.472588798125448,1
"25",0,-1.74521336457017,-1.636491499954,0
"25",1,-0.331121274797025,-0.244679968740119,1
"25",1,-0.293435513491531,-0.157940967267798,1
"25",0,-0.886085361735274,-1.08333696027338,0
"25",1,-0.802017688258391,-1.37905062896513,0
"25",1,0.706386522405315,1.12298766478095,1
"25",1,1.03392526766229,1.22101662524529,1
"25",0,-1.2763352575162,-0.95082033531606,0
"25",1,0.866447594604578,0.407604158871061,0
"25",0,-0.588164603287907,-1.29991158263796,0
"25",1,-0.81192035868129,-0.896858833941345,0
"25",0,0.551775416644051,0.537987947623329,1
"26",1,-0.185828336660788,-0.561065647499028,0
"26",1,0.952628861899069,1.21096967926803,1
"26",1,-0.0337498787633454,-0.0696643120185286,1
"26",1,0.715657449830468,0.226308769245152,1
"26",1,-0.413466896500542,-0.37288439645182,0
"26",1,-1.37792865312232,-1.30591397908718,0
"26",1,1.18817057822996,1.34763152300285,0
"26",1,0.0496308888293347,0.148026731909536,1
"26",1,-0.0667791641925857,-1.0906304530315,1
"26",1,0.047187535752419,0.270386233863769,0
"26",1,1.42153215896574,0.921433505862759,1
"26",1,-0.579435549238775,-0.46414204432799,0
"26",1,-0.41827190170458,-0.940181042725157,0
"26",1,-0.519824623901917,-1.01746269005888,0
"26",1,-1.51910454870819,-1.04497353130758,0
"26",1,0.941256516289308,0.886204459391371,1
"26",1,0.0652936766388221,0.0320185529602696,1
"26",1,0.243897944272524,-0.0398761115446624,1
"26",1,-0.18371046582095,-0.294863484314037,1
"26",1,-0.589183990043458,-0.971165277196925,1
"26",1,-0.942991077053562,-0.991430496142417,0
"26",1,1.2085074747354,0.958402287283364,1
"26",1,-1.325184545152,-1.43017534395474,0
"26",1,0.193246023370102,0.78883445963737,1
"26",1,-0.765231284828395,-0.727862638068242,0
"26",1,0.0460838333099354,0.0258505094480335,1
"26",1,-0.506498131265091,-0.988729820341847,0
"26",1,-0.786271439161334,-0.315586181392361,0
"26",1,1.2612703813375,2.06704527702297,1
"26",0,0.682114644543366,0.399777737775409,1
"26",1,-1.65735767788082,-1.78012219878197,0
"26",1,0.291758804191389,0.168378008945915,0
"26",1,-0.394716925746527,-1.20424651637375,1
"26",1,-0.990463317915857,-1.4254160354085,0
"26",0,0.150010579493276,0.685756706616116,0
"26",0,0.533914738759326,0.344231740738354,0
"26",1,-0.291036058367429,0.121534261230655,0
"26",1,2.04837657121878,1.4259416133098,1
"26",1,-2.00869713631514,-2.41243140642618,0
"26",1,0.886989327618417,0.971178012170508,1
"26",0,0.0218252514737483,-0.350721624979071,0
"26",1,0.411097630436959,0.339260686172599,1
"26",1,-0.159496292900155,-0.512712052682308,0
"26",0,-1.07798622441157,-0.0909326375240149,0
"26",1,-1.93650739074557,-1.49802359141553,0
"26",1,-0.138412365578976,-0.162460331009225,0
"26",1,2.38707527203681,2.63206873033024,1
"26",1,0.42033354248512,1.55973117121348,1
"26",1,1.59910087647634,2.06346289019936,1
"26",1,1.16424208635243,0.385973568622922,1
"26",1,0.611111886279325,0.854579420535052,1
"26",1,0.865037398076821,0.724181046727246,1
"26",1,0.213431605183159,0.268746694447507,1
"26",0,-0.44932946824267,-0.33003938641415,0
"26",1,-0.528898727577097,-0.413692932845122,0
"26",1,-1.54633651302518,-1.41153690039127,0
"26",0,0.200419754648485,0.485316272225781,0
"26",1,0.36167230477469,1.21855832823008,1
"26",1,0.91338949155056,0.798602416013299,1
"26",1,0.00864522352594292,-0.159652919326014,1
"27",1,-0.648446952056325,-1.01534075637308,1
"27",1,3.70828514875274,3.26646106953938,1
"27",1,0.615251464866374,0.473181279125506,1
"27",0,1.30855603647247,1.02917097918673,1
"27",0,-0.610144919684819,0.0282042330313688,0
"27",1,-0.112467901131376,-0.250926540037014,1
"27",1,0.313241652728116,1.17391749078875,0
"27",0,2.02372955272094,1.10091523077946,1
"27",1,0.131354086344762,0.80190715196182,0
"27",1,0.848157433658673,0.621119547314173,1
"27",0,-2.17514208769956,-2.54651320149265,0
"27",0,-1.03205117622662,-0.724008738042812,1
"27",0,-0.702689300975817,-0.416208708259751,0
"27",1,0.741942127228008,1.0604280172124,1
"27",1,0.00182787076110176,-0.125409407405538,0
"27",0,-0.509680881072144,-0.235225506337411,0
"27",0,1.52469042697133,2.12096309761507,0
"27",1,1.10251441031413,0.828593649494842,1
"27",0,-0.694736779254453,-0.729105151633533,0
"27",1,0.294292292773295,0.321397588939125,1
"27",0,-1.31411524950129,-0.934333320725063,0
"27",0,-0.246147471297731,-0.14229161718805,0
"27",1,1.48790600181744,1.39693209198242,1
"27",0,1.51122258085036,0.96507382848219,1
"27",1,0.915013832528613,1.12939496843611,1
"27",0,-0.668652516141204,-0.690281995904911,0
"27",1,-1.22301418811669,-2.0230178219293,0
"27",0,-1.62703734763767,-1.26327400982956,0
"27",1,1.0447381738048,0.938243504950676,1
"27",0,-0.0925463055770145,-0.157920136810141,0
"27",0,-2.34841957932511,-2.25661959606744,0
"27",0,-0.514119321963878,-0.395694790608206,1
"27",1,0.917283056092215,1.36094663798855,1
"27",1,0.264539035094581,0.793904373530242,1
"27",1,-1.10850905843926,-1.23090893897407,1
"27",1,-1.03960681829576,-1.339775662511,0
"27",1,-0.96778215672328,-1.14705587804654,0
"27",1,0.0998384117916727,-0.822774664388817,1
"27",0,0.709372149066326,0.919078554572,1
"27",0,-1.82979807605096,-2.09747173670139,0
"27",1,0.911475536783653,0.724300202367142,1
"27",1,-0.1082577803078,-0.453994212328182,1
"27",0,0.733629008462483,0.768835298391866,0
"27",0,-1.56030882563288,-1.97131120062521,0
"27",0,-0.363370629944264,-0.0573954227780981,0
"27",0,-0.552526872111606,-1.27804312958204,1
"27",1,1.20607114449685,1.05952281783527,1
"27",1,1.0373311472891,1.05689863006822,1
"27",1,0.350503548991091,0.339705656576313,1
"27",0,1.45922971583186,2.13687583711134,1
"27",0,-0.597673653056277,-0.267582839697392,0
"27",1,0.903797154971318,0.967430409125672,1
"27",1,0.230648685777241,-0.10059670529295,0
"27",1,-0.79449820252922,-1.43056005929938,1
"27",1,0.998057827064226,1.59218032348408,0
"27",1,1.23740272213738,1.40373833754169,1
"27",1,1.04078529330166,0.0967186818736928,1
"27",0,-0.669563224389909,0.0708921766733654,0
"27",0,-0.38849882410034,-0.423690402132524,0
"27",1,1.06877537999809,0.587581793939093,1
"28",1,0.531283317485113,1.0322697184071,0
"28",0,0.620582423071374,1.29212674539871,1
"28",1,-0.218053775773346,0.152968459638414,0
"28",1,1.71143983971461,0.449127197757422,1
"28",0,-0.660309598591262,-0.444808155617586,0
"28",1,0.474488925048479,0.468615812874461,1
"28",0,-0.639551279885638,-0.579699498512717,0
"28",0,-2.60311347139579,-2.0069638553433,0
"28",1,-1.26167623386072,-1.6661064392135,0
"28",1,0.269830441507366,-0.0557414061943851,1
"28",0,1.08698781731441,1.51767280318037,0
"28",0,-1.58190071167729,-1.45745218678486,0
"28",0,-1.43201269596502,-1.29527665704623,0
"28",1,1.54644018475818,0.894274562509175,1
"28",1,-0.606737824965156,0.278767901288782,0
"28",1,0.473372983116086,0.585188031765596,1
"28",1,-0.353239345167783,-0.579994727418322,0
"28",1,0.210846224127195,-0.358793796743821,0
"28",1,0.105837276812953,0.705635468227656,0
"28",1,-0.5402545756229,-0.377258346785647,1
"28",0,-0.450514674921463,-0.640548967745094,1
"28",0,-0.234697935901749,0.0356238375858876,0
"28",0,-2.45104065653566,-2.35052489433489,0
"28",0,1.81502988153071,1.8422479899174,1
"28",1,1.52134481598218,1.62624537317137,1
"28",1,-0.6133168807227,-1.33753776809103,0
"28",1,-0.419574669908917,-0.461759115869191,1
"28",0,1.55902335459391,1.18569508088481,1
"28",1,1.31620641841895,1.16294771766482,1
"28",1,0.879970445425594,0.769104212743997,1
"28",1,-0.618947251064787,-1.23262909016112,0
"28",1,2.26353526290975,2.69892602144923,1
"28",0,-1.25625529651513,-0.784504919554462,0
"28",1,0.976806224090567,0.457095339829289,1
"28",1,0.165053494816185,1.18515106822556,0
"28",1,-0.356543639515638,-0.718445396928065,1
"28",1,-0.437987029094241,-0.624477245897002,1
"28",1,-0.889485011120496,-1.26428438296189,0
"28",1,1.80128340488455,1.48742907825058,1
"28",1,-0.0793694875141659,0.177312904845452,1
"28",0,0.329823263758331,0.839189604666319,0
"28",1,0.32520772933406,-0.0787191674001703,1
"28",1,-0.0280180259324856,-0.249767881595643,0
"28",0,-1.5540749282466,-1.26763472679498,0
"28",1,0.118766071792394,0.772180379244463,0
"28",1,-1.91640522186378,-1.06057520125315,0
"28",0,-1.39444750059629,-1.36676580264687,0
"28",1,-0.772830877642259,-0.459764554172991,0
"28",1,-0.363303774189555,-1.13921224413297,0
"28",1,0.0922623009444149,-0.265918176476165,1
"28",1,1.19645176730246,0.896880220893965,1
"28",1,-1.53138197063736,-1.2162872812281,0
"28",0,0.13819137850545,0.186061539656994,1
"28",1,0.950125310081111,1.40084000288747,1
"28",1,-1.47837080794201,-1.27271503980264,1
"28",1,-0.0107301381042181,-0.0805347934959277,0
"28",1,0.203812968902758,1.62522083872543,1
"28",1,-0.572471869518337,-0.143431974156602,1
"28",1,0.142263801380333,-0.128980098385679,0
"28",1,0.320890587256437,0.239981613309421,1
"29",1,0.0500385875456752,-0.194543700201732,0
"29",1,-0.856826166296559,-0.783861501056128,1
"29",1,0.275201691326272,-0.21197031761115,0
"29",1,1.80361896197549,1.92228399672916,1
"29",1,0.950827909544236,0.656276742199893,1
"29",1,-1.02212297539018,-1.14240211614778,0
"29",1,-1.39808192874377,-1.86300560734108,0
"29",1,-0.70300992094856,-0.765923940010369,1
"29",0,1.39879716112069,0.679198424333771,1
"29",1,0.475754382678607,0.991300329908624,0
"29",1,-0.187612732554774,-1.50411222480561,0
"29",1,0.688452153973426,0.601408912731274,1
"29",1,0.0139998037189318,0.0804393292046815,0
"29",1,-1.12354711959183,-0.734644737703457,0
"29",0,0.830836870062524,0.73443289977544,0
"29",1,1.50877652271578,1.37900171746136,1
"29",1,0.545041691544524,0.251456526855467,1
"29",1,0.630476877624223,0.614596529341984,0
"29",1,-0.544787342226392,0.0556745328986857,0
"29",1,0.702741448571098,0.31171780603285,1
"29",1,-1.12771169064322,-0.428729193517513,0
"29",1,-1.50514328823449,-1.46183104347074,0
"29",1,-0.00156014840822513,-0.543317128823055,1
"29",1,-0.320422194923072,0.410528688492102,0
"29",1,2.15267981934793,2.23200202330506,1
"29",0,-1.35946834413389,-1.25031094270012,0
"29",1,-0.11447666036408,0.918787882035403,0
"29",1,0.525301787272856,0.377922223325358,1
"29",1,1.17523925531973,0.404620411633025,1
"29",1,-0.533474040682654,-0.15743861686979,1
"29",1,-0.890984700585875,-0.339197149997696,0
"29",1,0.0876588804423757,0.492391696378669,0
"29",1,1.76697303201647,1.64000715234815,1
"29",1,0.386393606949981,0.224816742449847,1
"29",0,-2.33653792099301,-2.75848318707392,0
"29",1,1.02470203369657,0.809046717832807,1
"29",1,1.12393777529059,0.20241854686335,1
"29",0,0.0317138181089604,0.383148282673298,0
"29",1,-0.417791595441975,0.0351983638994138,1
"29",0,-0.819904864685792,-0.491457731499373,1
"29",1,0.394869677845472,0.662023778987185,0
"29",1,-0.477702337314814,-0.108575994684234,0
"29",1,0.216181570055082,-0.514590060853619,1
"29",1,-1.23661240467948,-1.42662719001148,1
"29",1,0.17830262649054,0.106622224486732,1
"29",1,0.965296180452526,1.86230161417829,1
"29",1,0.524010933313286,0.694363024311402,1
"29",1,0.74177791470241,0.627429929037399,1
"29",1,-1.71403266211119,-1.44588858413306,1
"29",1,-0.149380868298187,0.229967302462622,1
"29",1,0.500394335176219,0.9441460118148,1
"29",1,-0.890562871591161,-1.24609864478718,0
"29",1,1.60585989895237,1.29577173269373,1
"29",0,-0.690209532624664,-0.793276314960018,0
"29",1,0.376561621788363,-0.309080049336179,1
"29",1,-0.153059662610274,-0.252386013939205,1
"29",1,0.379914082017893,-0.117210269935323,1
"29",1,-0.363850468762264,-0.348541241457009,1
"29",1,0.650291875546506,0.11373127579297,1
"29",0,-1.34690657423589,-0.866438636512253,0
"30",0,-1.33937750270096,-1.00859879743976,0
"30",1,-0.619670486169464,-1.17139599066213,1
"30",1,0.278574877138188,-0.444790437428242,1
"30",0,1.28082840518092,1.33505826538124,1
"30",1,1.34808988000472,1.32673369353498,1
"30",1,0.29105417833594,-0.136334425698511,1
"30",0,0.351748607240175,0.400575562647872,1
"30",0,0.206010503640049,0.64672928825725,0
"30",0,-0.164309111747459,-0.538085645630604,1
"30",0,-0.982804496683771,-1.26271423218147,0
"30",1,0.0967236182448664,0.585604118312533,1
"30",1,-0.877601572059083,-0.940395180848816,1
"30",0,0.765848620542202,0.815391046229515,0
"30",0,-0.632314403042383,0.449912719668465,0
"30",0,-0.223033988730041,-0.614624911531313,0
"30",0,-0.141640982706556,0.349701976362031,0
"30",0,-0.76663747074802,-0.500943967065734,1
"30",0,0.882875241774688,0.568241579588107,1
"30",1,0.619917654007138,-0.395835079328311,1
"30",1,0.336568256981879,0.672075352003261,1
"30",0,-1.45805450405798,-0.725311436539971,0
"30",1,1.50100530591581,1.59658153009763,1
"30",1,0.501030505159395,0.0958248956325258,0
"30",1,-0.963615221258255,-0.897559418582963,0
"30",1,0.282965600612133,-0.125282625574109,1
"30",0,1.17004864299518,0.734405511145234,1
"30",0,-1.76560910590061,-1.05833601791991,0
"30",0,2.14768523345562,2.22950436690934,1
"30",0,-0.28010132563233,-0.0724817284758699,0
"30",1,1.20721762163414,1.3361994366871,1
"30",1,0.393324941527883,-0.719985256624814,1
"30",0,-0.456366872385683,-0.743194553855344,1
"30",0,-1.22282690108932,-1.13565681027478,0
"30",1,-1.42936707467261,-1.13104893533054,0
"30",0,0.149015890329211,0.0645209390801895,0
"30",0,0.794459248807883,0.843464361430025,1
"30",0,-2.00652461275956,-1.99118153544041,0
"30",0,1.33410892626712,0.941754598868406,1
"30",0,1.14065395706694,1.84940936112972,1
"30",1,-0.839075686405756,-1.42804561735447,0
"30",0,1.04160767373947,0.15459612488567,1
"30",0,-1.29629577919739,-1.28167431817318,0
"30",1,0.252434896862882,0.298538863498178,0
"30",1,1.2188076650924,0.200305560213393,1
"30",1,0.409594271644927,0.517572309254823,1
"30",1,-0.379475194128212,0.0573751296410203,0
"30",0,0.040239998341305,-1.00966399114202,0
"30",0,-1.08603837747988,-0.608664708267549,0
"30",1,0.522394476907397,0.0961461703811802,1
"30",0,-1.34776145886674,-1.44530166447206,0
"30",0,-2.72058584559934,-2.59084599224615,0
"30",0,1.34180993673465,0.988390547175943,1
"30",1,2.01310612132504,1.97415321306267,1
"30",1,-0.24942781727787,-0.531477568472013,0
"30",1,0.686272855407298,0.940261464271285,1
"30",0,-0.378135230284701,0.373900400555572,0
"30",1,1.63587126068747,1.28399529728544,1
"30",1,0.752741805167776,0.230105405813164,1
"30",0,0.355245153674763,0.436637503206933,0
"30",1,-2.01006119972726,-1.69817434997761,0
