"","data","squared1","squared2","exponent"
"1",-0.560475646552213,0.314132950378121,0.314132950378121,0.570937434831826
"2",-0.23017748948328,0.0529816766648255,0.0529816766648255,0.794392593658941
"3",1.55870831414912,2.4295716085976,2.4295716085976,4.75267831129313
"4",0.070508391424576,0.00497143326128122,0.00497143326128122,1.07305357384106
"5",0.129287735160946,0.016715318463047,0.016715318463047,1.13801752471678
"6",1.71506498688328,2.94144790923295,2.94144790923295,5.55703663511837
"7",0.460916205989202,0.212443748943481,0.212443748943481,1.58552598813229
"8",-1.26506123460653,1.60037992730421,1.60037992730421,0.282222013857418
"9",-0.686852851893526,0.47176684015427,0.47176684015427,0.503157089790319
"10",-0.445661970099958,0.198614591593376,0.198614591593376,0.640400209897295
"11",1.22408179743946,1.49837624682262,1.49837624682262,3.4010418033573
"12",0.359813827057364,0.129465990141667,0.129465990141667,1.43306259224378
"13",0.400771450594052,0.160617755611261,0.160617755611261,1.49297601072397
"14",0.11068271594512,0.0122506636089881,0.0122506636089881,1.11704043150517
"15",-0.555841134754075,0.308959367084698,0.308959367084698,0.573589592089531
"16",1.78691313680308,3.19305855847942,3.19305855847942,5.97099235257633
"17",0.497850478229239,0.247855098673082,0.247855098673082,1.64518111461922
"18",-1.96661715662964,3.86758304075004,3.86758304075004,0.139929415763367
"19",0.701355901563686,0.49190010065821,0.49190010065821,2.01648500986335
"20",-0.472791407727934,0.223531715221362,0.223531715221362,0.623260064852364
"21",-1.06782370598685,1.14024746706748,1.14024746706748,0.343755817679217
"22",-0.217974914658295,0.047513063420291,0.047513063420291,0.804145613681047
"23",-1.02600444830724,1.05268512794624,1.05268512794624,0.358436253840865
"24",-0.72889122929114,0.53128242413755,0.53128242413755,0.482443612995088
"25",-0.625039267849257,0.390674086353535,0.390674086353535,0.535240410366574
"26",-1.68669331074241,2.8449343245032,2.8449343245032,0.185130682619748
"27",0.837787044494525,0.701887131922871,0.701887131922871,2.31124662736944
"28",0.153373117836515,0.0235233132748936,0.0235233132748936,1.16575986360428
"29",-1.13813693701195,1.29535568739094,1.29535568739094,0.320415420190085
"30",1.25381492106993,1.57205185629759,1.57205185629759,3.50368377124757
"31",0.426464221476814,0.181871732199825,0.181871732199825,1.53183171928566
"32",-0.295071482992271,0.0870671800752582,0.0870671800752582,0.744478368022362
"33",0.895125661045022,0.801249949061288,0.801249949061288,2.44764334355852
"34",0.878133487533042,0.771118421926944,0.771118421926944,2.40640392907605
"35",0.821581081637487,0.674995473704623,0.674995473704623,2.27409252254918
"36",0.688640254100091,0.474225399567038,0.474225399567038,1.99100642898528
"37",0.553917653537589,0.306824766900588,0.306824766900588,1.74005662106263
"38",-0.0619117105767217,0.00383305990653575,0.00383305990653575,0.939965872172425
"39",-0.305962663739917,0.0936131516028254,0.0936131516028254,0.736414113891712
"40",-0.380471001012383,0.144758182611365,0.144758182611364,0.683539385638955
"41",-0.694706978920513,0.482617786560866,0.482617786560866,0.499220708746326
"42",-0.207917278019599,0.0432295944990791,0.0432295944990791,0.812274226865525
"43",-1.26539635156826,1.60122792656227,1.60122792656227,0.282127452319073
"44",2.16895596533851,4.70436997957752,4.70436997957752,8.74914486026789
"45",1.20796199830499,1.45917218934899,1.45917218934899,3.34665720468123
"46",-1.12310858320335,1.26137288966503,1.26137288966503,0.325267101569685
"47",-0.402884835299076,0.162316190513964,0.162316190513964,0.668389069718654
"48",-0.466655353623219,0.217767219065211,0.217767219065211,0.627096179599253
"49",0.779965118336318,0.608345585821386,0.608345585821386,2.18139617344342
"50",-0.0833690664718293,0.00695040124438429,0.00695040124438429,0.920011539142209
"51",0.253318513994755,0.0641702695325108,0.0641702695325108,1.28829355101748
"52",-0.028546755348703,0.000814917240938704,0.000814917240938704,0.971856853577772
"53",-0.0428704572913161,0.00183787610836656,0.00183787610836656,0.958035488541032
"54",1.36860228401446,1.87307221180959,1.87307221180959,3.92985403517454
"55",-0.225770985659268,0.0509725379655572,0.0509725379655572,0.797900811471602
"56",1.51647060442954,2.29968309409889,2.29968309409889,4.55611644758414
"57",-1.54875280423022,2.39863524861097,2.39863524861097,0.212512853746066
"58",0.584613749636069,0.341773236263545,0.341773236263545,1.79429780359797
"59",0.123854243844614,0.0153398737183211,0.0153398737183211,1.13185088474216
"60",0.215941568743973,0.0466307611116079,0.0466307611116079,1.24102986194846
"61",0.379639482759882,0.144126136870191,0.144126136870191,1.46175750564688
"62",-0.502323453109302,0.252328851543653,0.252328851543653,0.605123050056194
"63",-0.33320738366942,0.11102716053182,0.11102716053182,0.71662156313506
"64",-1.01857538310709,1.03749581107175,1.03749581107175,0.361109015909892
"65",-1.07179122647558,1.14873643315002,1.14873643315002,0.342394661422643
"66",0.303528641404258,0.0921296361527147,0.0921296361527147,1.354630388903
"67",0.448209778629426,0.200892005659039,0.200892005659039,1.56550707113698
"68",0.0530042267305041,0.00280944805129869,0.00280944805129869,1.05443410191872
"69",0.922267467879738,0.850577282309303,0.850577282309303,2.51498658082081
"70",2.05008468562714,4.20284721824295,4.20284721824295,7.7685589637387
"71",-0.491031166056535,0.241111606038841,0.241111606038841,0.611995000233348
"72",-2.30916887564081,5.33226089622825,5.33226089622825,0.0993437842964734
"73",1.00573852446226,1.01150997958752,1.01150997958752,2.73392559837519
"74",-0.709200762582393,0.502965721647447,0.502965721647447,0.492037294967918
"75",-0.688008616467358,0.473355856333328,0.473355856333328,0.502575894577981
"76",1.0255713696967,1.05179663434156,1.05179663434156,2.78868837748272
"77",-0.284773007051009,0.081095665544874,0.081095665544874,0.752184975628188
"78",-1.22071771225454,1.49015173301195,1.49015173301195,0.295018352635252
"79",0.18130347974915,0.0328709517691505,0.0328709517691505,1.19877892922377
"80",-0.138891362439045,0.0192908105601741,0.0192908105601741,0.870322573044192
"81",0.00576418589988693,3.32258390884553e-05,3.32258390884553e-05,1.00578083078547
"82",0.38528040112633,0.148440987492066,0.148440987492066,1.47002646073161
"83",-0.370660031792409,0.13738885916835,0.13738885916835,0.69027857444236
"84",0.644376548518833,0.415221136281044,0.415221136281044,1.90479910917919
"85",-0.220486561818751,0.0486143239426537,0.0486143239426537,0.80212841793627
"86",0.331781963915697,0.110079271579757,0.110079271579757,1.39344899322585
"87",1.09683901314935,1.20305582076644,1.20305582076644,2.99468488741601
"88",0.435181490833803,0.189382929964331,0.189382929964331,1.54524348103135
"89",-0.325931585531227,0.106231398446899,0.106231398446899,0.721854571039429
"90",1.14880761845109,1.31975894421127,1.31975894421127,3.15442938296219
"91",0.993503855962119,0.9870499118116,0.9870499118116,2.70068070976402
"92",0.54839695950807,0.300739225197696,0.300739225197696,1.73047676891126
"93",0.238731735111441,0.0569928413493193,0.0569928413493193,1.26963789162683
"94",-0.627906076039371,0.394266040327161,0.394266040327161,0.533708176134677
"95",1.36065244853001,1.8513750856907,1.8513750856907,3.89873619685146
"96",-0.600259587147127,0.360311571962039,0.360311571962039,0.548669190136473
"97",2.18733299301658,4.78442562233885,4.78442562233885,8.91141458844775
"98",1.53261062618519,2.34889533149576,2.34889533149576,4.63024890663334
"99",-0.235700359100477,0.0555546592800938,0.0555546592800938,0.790017359983006
"100",-1.02642090030678,1.05353986458658,1.05353986458658,0.358287013424137
"101",-0.710406563699301,0.504677485747049,0.504677485747049,0.491444353404728
"102",0.25688370915653,0.0659892400300165,0.0659892400300165,1.29289476619387
"103",-0.246691878462374,0.0608568828992945,0.0608568828992945,0.781381416887091
"104",-0.347542599397733,0.120785858396133,0.120785858396133,0.706421920140236
"105",-0.951618567265016,0.905577897563521,0.905577897563521,0.386115563405026
"106",-0.0450277248089203,0.00202749600146785,0.00202749600146785,0.955970977353005
"107",-0.784904469457076,0.616075026173694,0.616075026173694,0.456163277229749
"108",-1.66794193658814,2.78203030382938,2.78203030382938,0.188634888982556
"109",-0.380226520287762,0.14457220673014,0.14457220673014,0.683706518272784
"110",0.918996609060766,0.844554767465186,0.844554767465186,2.50677385344122
"111",-0.575346962608392,0.331024127382702,0.331024127382702,0.562509665124067
"112",0.607964322225033,0.369620617098544,0.369620617098544,1.83668868425965
"113",-1.61788270828916,2.61754445778108,2.61754445778108,0.198318152254432
"114",-0.0555619655245394,0.00308713201295011,0.00308713201295011,0.945953405355343
"115",0.519407203943462,0.269783843508365,0.269783843508365,1.68103084582105
"116",0.301153362166714,0.0906933475443162,0.0906933475443163,1.35141658182132
"117",0.105676194148943,0.0111674580098052,0.0111674580098052,1.11146192035868
"118",-0.640706008305376,0.410504189078609,0.410504189078609,0.526920282595246
"119",-0.849704346033582,0.721997475668358,0.721997475668358,0.427541317550945
"120",-1.02412879060491,1.04883977974588,1.04883977974588,0.359109188461389
"121",0.117646597100126,0.0138407218092393,0.0138407218092393,1.12484651709494
"122",-0.947474614184802,0.89770814452464,0.89770814452464,0.387718928022729
"123",-0.490557443700668,0.240646605570134,0.240646605570134,0.612284984627259
"124",-0.256092192198247,0.065583210904904,0.065583210904904,0.774070602232161
"125",1.84386200523221,3.39982709433894,3.39982709433894,6.32090254194279
"126",-0.651949901695459,0.425038674320718,0.425038674320718,0.521028830610527
"127",0.235386572284857,0.0554068384120142,0.0554068384120142,1.26539784193074
"128",0.0779608495637108,0.00607789406469554,0.00607789406469554,1.08108033307485
"129",-0.961856634130129,0.92516818462014,0.92516818462014,0.382182653499774
"130",-0.0713080861235987,0.00508484314661057,0.00508484314661056,0.931174965845239
"131",1.44455085842335,2.08672718257163,2.08672718257163,4.23994737844754
"132",0.451504053079215,0.203855909946958,0.203855909946958,1.57067278505044
"133",0.0412329219929399,0.00170015385607587,0.00170015385607587,1.04209480407807
"134",-0.422496832339625,0.178503573337017,0.178503573337017,0.65540833043455
"135",-2.05324722154052,4.21582415276385,4.21582415276385,0.128317550821034
"136",1.13133721341418,1.27992389045575,1.27992389045575,3.09979882248962
"137",-1.46064007092482,2.13346941679127,2.13346941679127,0.232087674604998
"138",0.739947510877334,0.547522318853563,0.547522318853563,2.09582550356526
"139",1.90910356921748,3.64467643799893,3.64467643799893,6.74703783439568
"140",-1.4438931609718,2.08482746030113,2.08482746030113,0.236007153972824
"141",0.701784335374711,0.492501253377325,0.492501253377325,2.01734912531592
"142",-0.262197489402468,0.0687475234489573,0.0687475234489573,0.769359068440583
"143",-1.57214415914549,2.47163725713527,2.47163725713527,0.207599578270353
"144",-1.51466765378175,2.29421810141272,2.29421810141272,0.219881249407428
"145",-1.60153617357459,2.56491811526795,2.56491811526795,0.201586607997628
"146",-0.530906522170303,0.281861735282966,0.281861735282966,0.588071628003342
"147",-1.4617555849959,2.13672939026671,2.13672939026671,0.231828921886234
"148",0.687916772975828,0.473229486541476,0.473229486541476,1.98956649436119
"149",2.10010894052567,4.41045756207586,4.41045756207586,8.16705958787062
"150",-1.28703047603518,1.65644744624334,1.65644744624334,0.276089421158066
"151",0.787738847475178,0.620532491821522,0.620532491821522,2.19841983939486
"152",0.76904224100091,0.591425968443702,0.591425968443702,2.15769870848253
"153",0.332202578950118,0.110358553461109,0.110358553461109,1.3940352221018
"154",-1.00837660827701,1.01682338412024,1.01682338412024,0.364810729839602
"155",-0.119452606630659,0.0142689252308589,0.0142689252308589,0.887406063985797
"156",-0.280395335170247,0.078621543985235,0.078621543985235,0.755485012614527
"157",0.56298953322048,0.316957214515814,0.316957214515814,1.75591402484604
"158",-0.372438756103829,0.138710627048167,0.138710627048167,0.689051850485642
"159",0.976973386685621,0.954476998291971,0.954476998291971,2.65640415461603
"160",-0.374580857767014,0.140310819005472,0.140310819005472,0.687577411133991
"161",1.05271146557933,1.10820142976218,1.10820142976218,2.86541005499908
"162",-1.04917700666607,1.10077239131677,1.10077239131677,0.350225864088056
"163",-1.26015524475811,1.58799124089138,1.58799124089138,0.283609994117026
"164",3.2410399349424,10.5043398598915,10.5043398598915,25.5602889685027
"165",-0.416857588160432,0.173770248806932,0.173770248806932,0.659114779008806
"166",0.298227591540715,0.0889396963561757,0.0889396963561757,1.34746842539918
"167",0.636569674033849,0.40522094989956,0.40522094989956,1.88998647702712
"168",-0.483780625708744,0.234043693811143,0.234043693811143,0.616448420015297
"169",0.516862044313609,0.267146372852043,0.267146372852043,1.6767577940818
"170",0.368964527385086,0.1361348224685,0.1361348224685,1.44623630098145
"171",-0.215380507641693,0.0463887630719935,0.0463887630719935,0.806234603376573
"172",0.0652930335253153,0.00426318022693794,0.00426318022693794,1.06747178357741
"173",-0.034067253738464,0.00116057777728089,0.00116057777728089,0.966506501276211
"174",2.12845189901618,4.53030748642559,4.53030748642559,8.40184982625415
"175",-0.741336096272828,0.549579207637036,0.549579207637036,0.47647687106792
"176",-1.09599626707466,1.2012078174416,1.2012078174416,0.334206482121236
"177",0.0377883991710788,0.00142796311191279,0.00142796311191279,1.0385114597415
"178",0.310480749443137,0.096398295774772,0.096398295774772,1.36408073757923
"179",0.436523478910183,0.190552747639849,0.190552747639849,1.54731857141985
"180",-0.458365332711106,0.210098778231363,0.210098778231363,0.632316428130257
"181",-1.06332613397119,1.13066246718612,1.13066246718612,0.345305366216056
"182",1.26318517608949,1.59563678909224,1.59563678909224,3.53666847790627
"183",-0.349650387953555,0.122255393796071,0.122255393796071,0.704934500235398
"184",-0.865512862653374,0.749112515418438,0.749112515418438,0.420835666375563
"185",-0.236279568941097,0.0558280346989904,0.0558280346989904,0.789559906647369
"186",-0.197175894348552,0.0388783333121514,0.0388783333121514,0.821046203223765
"187",1.10992028971364,1.23192304951801,1.23192304951801,3.03411653449863
"188",0.0847372921971965,0.00718040868891305,0.00718040868891305,1.08843108979576
"189",0.754053785184521,0.568597110951104,0.568597110951104,2.12559929795919
"190",-0.499292017172261,0.249292518411945,0.249292518411945,0.606960225048705
"191",0.214445309581601,0.0459867908015488,0.0459867908015488,1.23917434815767
"192",-0.324685911490835,0.105420941120634,0.105420941120634,0.722754326824377
"193",0.0945835281735714,0.00894604380176078,0.00894604380176078,1.09920097354827
"194",-0.895363357977542,0.801675542808819,0.801675542808819,0.408459154780962
"195",-1.31080153332797,1.71820065977496,1.71820065977496,0.2696038732675
"196",1.99721338474797,3.98886130421643,3.98886130421643,7.3684943047175
"197",0.600708823672418,0.3608510908379,0.3608510908379,1.82341081918284
"198",-1.25127136162494,1.56568002042274,1.56568002042274,0.286140777105505
"199",-0.611165916680421,0.373523777711819,0.373523777711819,0.542717736394622
"200",-1.18548008459731,1.40536303097685,1.40536303097685,0.305599430695986
"201",2.19881034888372,4.83476695035815,4.83476695035815,9.01428326593272
"202",1.31241297643351,1.72242782071107,1.72242782071107,3.71512742023511
"203",-0.265145056696353,0.0703019010905122,0.0703019010905122,0.767094669686501
"204",0.54319405923209,0.295059785985035,0.295059785985035,1.72149665243572
"205",-0.41433994791886,0.171677592441403,0.171677592441403,0.660776283557989
"206",-0.476246894615578,0.226811104630982,0.226811104630982,0.621110114572445
"207",-0.788602837850243,0.621894435865456,0.621894435865456,0.454479333225165
"208",-0.594617267459511,0.353569694761016,0.353569694761016,0.551773707212657
"209",1.65090746733669,2.72549546570805,2.72549546570804,5.21170713591054
"210",-0.0540281250854405,0.002919038300248,0.002919038300248,0.947405460267569
"211",0.119245236427584,0.0142194264106704,0.0142194264106704,1.12664617909647
"212",0.243687429599092,0.0593835633446124,0.0593835633446124,1.27594544537346
"213",1.23247587848534,1.51899679104821,1.51899679104821,3.4297105795759
"214",-0.51606383094478,0.266321877609403,0.266321877609403,0.596865292982844
"215",-0.992507150392037,0.985070443579322,0.985070443579322,0.370646259229071
"216",1.67569693240319,2.80796020926546,2.80796020926546,5.34251722527366
"217",-0.441163216905286,0.19462498395022,0.19462498395022,0.643287702575953
"218",-0.723065969939874,0.52282439688509,0.52282439688509,0.485262173616122
"219",-1.23627311888329,1.52837122447342,1.52837122447342,0.290464730737071
"220",-1.2847157223178,1.65049448717054,1.65049448717054,0.27672924039832
"221",-0.573973479297987,0.329445554937437,0.329445554937437,0.563282793579032
"222",0.617985817166529,0.381906470218982,0.381906470218982,1.85518758913818
"223",1.10984813892972,1.23176289148576,1.23176289148576,3.03389762850937
"224",0.707588353835588,0.500681278483757,0.500681278483757,2.02909190156182
"225",-0.363657297095253,0.132246629730625,0.132246629730625,0.69512937678434
"226",0.0597499373846007,0.0035700550174637,0.0035700550174637,1.06157105411765
"227",-0.70459646368007,0.49645617663046,0.49645617663046,0.494308005247961
"228",-0.71721816157401,0.514401891291603,0.514401891291603,0.488108207233784
"229",0.88465049897692,0.782606505340114,0.782606505340114,2.42213770392952
"230",-1.01559257860354,1.0314282857146,1.0314282857146,0.362187741522831
"231",1.95529396549246,3.82317449149124,3.82317449149124,7.06599587738244
"232",-0.0903195939658516,0.0081576290541563,0.0081576290541563,0.913639145048844
"233",0.214538826629216,0.0460269081314409,0.0460269081314409,1.23929023750292
"234",-0.738527704739573,0.545423170667902,0.545423170667902,0.477816885440197
"235",-0.57438868976327,0.329922366927966,0.329922366927966,0.563048961216406
"236",-1.31701613230524,1.73453149275226,1.73453149275226,0.267933588762314
"237",-0.182925388372727,0.0334616977113131,0.0334616977113131,0.832830292242355
"238",0.418982404924464,0.175546255636287,0.175546255636287,1.52041360276266
"239",0.32430434416138,0.105173307641943,0.105173307641943,1.38306817179525
"240",-0.781536487054751,0.610799280597882,0.610799280597882,0.457702217226738
"241",-0.788621970854002,0.62192461291365,0.62192461291365,0.45447063775356
"242",-0.502198718342861,0.252203552705212,0.252203552705212,0.60519853464619
"243",1.49606066984635,2.23819752786111,2.23819752786111,4.46406894597383
"244",-1.13730362066574,1.29345952557941,1.29345952557941,0.320682538879032
"245",-0.179051594380198,0.0320594734500911,0.0320594734500911,0.836062762144205
"246",1.90236182167893,3.61898050058157,3.61898050058157,6.70170399503921
"247",-0.100974885328808,0.010195927467166,0.010195927467166,0.903955735151843
"248",-1.35984070382139,1.84916673976946,1.84916673976946,0.256701665291114
"249",-0.664769435274062,0.441918402074596,0.441918402074596,0.51439211471207
"250",0.485459978904878,0.235671391118325,0.235671391118325,1.62492226693443
"251",-0.375602871669773,0.14107751720658,0.14107751720658,0.686875056429859
"252",-0.561876363549783,0.315705047915928,0.315705047915928,0.570138272892828
"253",-0.343917234128459,0.118279063930569,0.118279063930569,0.708987605598317
"254",0.0904966471392212,0.00818964314344071,0.00818964314344071,1.09471783719899
"255",1.59850877114583,2.55523029143014,2.55523029143014,4.94565182397807
"256",-0.088565112138884,0.00784377908817309,0.00784377908817309,0.915243515332944
"257",1.08079949615152,1.16812755088137,1.16812755088137,2.9470347523958
"258",0.630754115650567,0.397850754410128,0.397850754410128,1.87902704881164
"259",-0.113639895506141,0.0129140258506466,0.0129140258506466,0.892579319840833
"260",-1.5329020028906,2.34978855046601,2.34978855046601,0.215908191092809
"261",-0.52111731755252,0.271563258653134,0.271563258653134,0.593856650687724
"262",-0.489870453138474,0.239973060858094,0.239973060858094,0.61270576315196
"263",0.0471544327615272,0.00222354052906139,0.00222354052906139,1.04828388595516
"264",1.30019867766682,1.69051660140655,1.69051660140655,3.67002574734357
"265",2.29307897383109,5.25821118022626,5.25821118022626,9.90538921155287
"266",1.54758105898377,2.39500713412532,2.39500713412532,4.70008718706712
"267",-0.133150964328944,0.0177291793017278,0.0177291793017278,0.875332938084149
"268",-1.75652739555764,3.0853884913445,3.0853884913445,0.172643346126177
"269",-0.388779864071743,0.151149782707643,0.151149782707643,0.67788348009926
"270",0.0892072230732945,0.00795792864844853,0.00795792864844853,1.09330719133012
"271",0.845013004067436,0.714046977043073,0.714046977043073,2.32800808794756
"272",0.962527968484271,0.926460090114458,0.926460090114458,2.61830711202092
"273",0.684309429416465,0.468279395188287,0.468279395188287,1.98240237397245
"274",-1.39527434979947,1.94679051120833,1.94679051120833,0.247765052749472
"275",0.849643045633355,0.721893304993124,0.721893304993124,2.33881185380277
"276",-0.446557216427222,0.199413347543229,0.199413347543229,0.639827150514333
"277",0.174802700161256,0.0305559839836659,0.0305559839836659,1.19101120711035
"278",0.0745511771737346,0.00555787801798956,0.00555787801798956,1.07740048042294
"279",0.428166764970505,0.183326778625308,0.183326778625308,1.53444195079859
"280",0.0246749828261399,0.000608854777470301,0.000608854777470301,1.02498192965095
"281",-1.66747509758566,2.78047320106832,2.78047320106832,0.188722971664576
"282",0.736495964773442,0.542426306127563,0.542426306127563,2.08860413482667
"283",0.386026568349676,0.149016511471827,0.149016511471827,1.47112375562589
"284",-0.265651625278222,0.0705707860129611,0.0705707860129611,0.766706182033645
"285",0.118144511046681,0.0139581254904593,0.0139581254904593,1.1254067333217
"286",0.134038645368463,0.0179663584522127,0.0179663584522127,1.14343700733528
"287",0.221019468561002,0.0488496054829878,0.0488496054829878,1.24734771439275
"288",1.64084616597749,2.69237614040302,2.69237614040302,5.15953348734736
"289",-0.219050378933476,0.0479830685108994,0.0479830685108994,0.803281248681641
"290",0.168065383884658,0.0282459732602973,0.0282459732602973,1.18301395816733
"291",1.16838387306909,1.36512087484793,1.36512087484793,3.2167896948953
"292",1.05418102337692,1.11129763004801,1.11129763004801,2.86962403627483
"293",1.14526311038036,1.31162759199809,1.31162759199809,3.14326827456036
"294",-0.577468001059557,0.33346929224772,0.33346929224772,0.561317824911468
"295",2.00248273029283,4.00993708512102,4.00993708512102,7.40742392408598
"296",0.066700870930183,0.00444900618284493,0.00444900618284493,1.0689756686474
"297",1.86685184470686,3.48513581008542,3.48513581008542,6.46790235328936
"298",-1.35090268603071,1.82493806712499,1.82493806712499,0.25900635367217
"299",0.0209835863542375,0.000440310896285741,0.000440310896285741,1.02120528979809
"300",1.24991457096922,1.56228643472116,1.56228643472116,3.49004479358199
"301",-0.715242187222796,0.51157138638325,0.51157138638325,0.4890736500629
"302",-0.752688968217742,0.566540682876689,0.566540682876689,0.471098080298923
"303",-0.938538703606894,0.880854898168109,0.880854898168109,0.391199075679436
"304",-1.05251327933874,1.10778420318438,1.10778420318438,0.349059362074831
"305",-0.437159533180399,0.191108457450504,0.191108457450504,0.645868385753544
"306",0.331179172958982,0.109679644601795,0.109679644601795,1.39260928788291
"307",-2.01421049792072,4.05704392993403,4.05704392993403,0.13342570166276
"308",0.211980433372292,0.0449357041327046,0.0449357041327046,1.23612369806967
"309",1.23667504641657,1.52936517042943,1.52936517042943,3.44414279068716
"310",2.03757401824044,4.15170787980847,4.15170787980847,7.6719745340604
"311",1.30117599220059,1.69305896267918,1.69305896267918,3.67361427011785
"312",0.756774763795962,0.572708043118433,0.572708043118433,2.13139088400303
"313",-1.72673039911433,2.98159787122553,2.98159787122553,0.177865007878219
"314",-0.601506708006782,0.361810319777156,0.361810319777156,0.547985359842546
"315",-0.352046456582617,0.123936707592376,0.123936707592376,0.703247450744154
"316",0.703523902756894,0.494945881750292,0.494945881750292,2.02086149416821
"317",-0.105671334003774,0.0111664308301373,0.0111664308301373,0.899720306957763
"318",-1.25864862806017,1.58419636891775,1.58419636891775,0.284037607713871
"319",1.68443570809411,2.83732365470252,2.83732365470252,5.38940887432058
"320",0.911391291795963,0.830634086761514,0.830634086761514,2.48778135650222
"321",0.237430272491026,0.0563731342951627,0.0563731342951627,1.26798658016257
"322",1.21810861032581,1.48378858654988,1.48378858654988,3.38078729648583
"323",-1.33877428723497,1.79231659216151,1.79231659216151,0.262166812933932
"324",0.6608202977898,0.436683465971,0.436683465971,1.93638009140541
"325",-0.522912376313422,0.27343735330175,0.27343735330175,0.592791599305082
"326",0.683745521850712,0.467507938650903,0.467507938650903,1.98128479740996
"327",-0.0608219546600742,0.00369931016867213,0.00369931016867213,0.940990763882546
"328",0.632960713031451,0.400639264241283,0.400639264241283,1.88317788290174
"329",1.33551761505939,1.78360730013393,1.78360730013393,3.80196339069223
"330",0.00729009031689879,5.31454168285416e-05,5.31454168285416e-05,1.00731672771565
"331",1.01755863695209,1.0354255796358,1.0354255796358,2.76643264649343
"332",-1.18843403514798,1.41237545589811,1.41237545589811,0.304698037080931
"333",-0.721604440436015,0.520712968456975,0.520712968456975,0.485971917129172
"334",1.51921771138818,2.30802245459553,2.30802245459553,4.5686497941214
"335",0.377387973023929,0.14242168218311,0.14242168218311,1.45847004665304
"336",-2.05222282043373,4.21161850470897,4.21161850470897,0.128449066813178
"337",-1.36403745208238,1.86059817068338,1.86059817068338,0.255626610468825
"338",-0.200781015589121,0.0403130162209989,0.0403130162209989,0.818091561238422
"339",0.865779404334488,0.749573976969781,0.749573976969781,2.37685789757621
"340",-0.101883255715222,0.0103801977951334,0.0103801977951334,0.903134981362057
"341",0.624187472020653,0.389610000227533,0.389610000227533,1.8667285718621
"342",0.959005377787825,0.91969131462597,0.91969131462597,2.60910011351185
"343",1.67105482886294,2.79242424106615,2.79242424106615,5.31777418146656
"344",0.0560167332749619,0.00313787440679823,0.00313787440679823,1.05761538095752
"345",-0.051981906180899,0.00270211857019978,0.00270211857019978,0.949346043983073
"346",-1.75323735914227,3.07384123749216,3.07384123749216,0.173212284422461
"347",0.0993275940878275,0.00986597094727622,0.00986597094727622,1.10442804440069
"348",-0.571850057895563,0.327012488715159,0.327012488715159,0.564480151115946
"349",-0.974009582804091,0.9486946673942,0.9486946673942,0.377566116416317
"350",-0.17990623104754,0.032366251969731,0.032366251969731,0.835348537496237
"351",1.01494317274366,1.03010964389896,1.03010964389896,2.75920659478053
"352",-1.99274848868858,3.97104653917063,3.97104653917063,0.136320235453818
"353",-0.427279287205429,0.182567589274779,0.182567589274779,0.652281352949903
"354",0.116637283582706,0.0136042559215527,0.0136042559215527,1.12371176705582
"355",-0.893207570054953,0.797819763203474,0.797819763203474,0.409340655917069
"356",0.333902942499225,0.111491175009641,0.111491175009641,1.39640760516488
"357",0.411429920615731,0.169274579577866,0.169274579577866,1.50897395613725
"358",-0.0330361592759917,0.0010913878197087,0.0010913878197087,0.967503574727741
"359",-2.46589819376003,6.08065390198897,6.08065390198897,0.084932522240198
"360",2.57145814586664,6.61239699594389,6.61239699594389,13.0848902157996
"361",-0.205299257468199,0.0421477851169941,0.0421477851169941,0.814403563592275
"362",0.65119328158767,0.424052689984919,0.424052689984919,1.91782797294757
"363",0.273766491036548,0.0749480916144643,0.0749480916144643,1.31490772364773
"364",1.02467323481835,1.0499552381531,1.0499552381531,2.78618488359193
"365",0.817659446374088,0.66856697024478,0.66856697024478,2.26519182517202
"366",-0.209793171228509,0.0440131746941143,0.0440131746941143,0.81075191545281
"367",0.378167772208507,0.143010863937145,0.143010863937145,1.4596078039596
"368",-0.945408831123893,0.893797857967045,0.893797857967045,0.388520699074034
"369",0.856923010899318,0.734317046608754,0.734317046608753,2.35590044958237
"370",-0.461038338884354,0.212556349921244,0.212556349921244,0.630628499341471
"371",2.41677335378821,5.84079344358072,5.84079344358072,11.2096313843141
"372",-1.65104889568819,2.72596245595318,2.72596245595318,0.1918485739077
"373",-0.463987242966015,0.215284161635204,0.215284161635204,0.628771575676295
"374",0.825379862759242,0.681251917848466,0.681251917848466,2.28274773150674
"375",0.510132546878663,0.260235215384912,0.260235215384912,1.66551193872497
"376",-0.589481038515,0.347487894768723,0.347487894768723,0.554615033904279
"377",-0.996780742207522,0.993571848035779,0.993571848035779,0.369065648257879
"378",0.144475704710697,0.0208732292516524,0.0208732292516524,1.1554336230286
"379",-0.0143074131669134,0.000204702071528767,0.000204702071528767,0.985794451483637
"380",-1.79028123726406,3.20510690849973,3.20510690849973,0.166913220847905
"381",0.034551067133851,0.00119377624008788,0.00119377624008788,1.03515488941967
"382",0.190230315692457,0.0361875730084519,0.0361875730084519,1.20952813889067
"383",0.174726396981842,0.0305293138022561,0.0305293138022561,1.19092033263558
"384",-1.05501704260268,1.11306096018211,1.11306096018211,0.348186493251568
"385",0.476133278302629,0.226702898707209,0.226702898707209,1.60983755807846
"386",1.37857013695924,1.90045562251582,1.90045562251582,3.96922212399066
"387",0.456236403179813,0.208151655586452,0.208151655586452,1.57812337405585
"388",-1.13558847037434,1.28956117404714,1.28956117404714,0.321233029581232
"389",-0.435645469691905,0.189786975263081,0.189786975263081,0.646847012159091
"390",0.346103619553607,0.119787715468108,0.119787715468108,1.41354907955392
"391",-0.647045631318269,0.418668049008057,0.418668049008057,0.523590372984189
"392",-2.15764633501528,4.65543770700486,4.65543770700486,0.115596877423598
"393",0.884250820028209,0.78189951272056,0.78189951272056,2.4211698199127
"394",-0.829477611624518,0.688033108186315,0.688033108186315,0.43627713290687
"395",-0.573560270768283,0.328971384203786,0.328971384203786,0.563515594928414
"396",1.50390060900454,2.26171704176421,2.26171704176421,4.49920452534434
"397",-0.774144929605405,0.599300372033758,0.599300372033758,0.461097883631511
"398",0.845731540189296,0.715261838070959,0.715261838070959,2.32968144696319
"399",-1.26068287881878,1.5893213209468,1.5893213209468,0.283460391295428
"400",-0.354542403073978,0.125700315577471,0.125700315577471,0.70149437144308
"401",-0.0735560191364783,0.00541048795120597,0.00541048795120597,0.929084097844815
"402",-1.16865142442436,1.36574615180908,1.36574615180908,0.310785776894236
"403",-0.634748264908909,0.402905359804871,0.402905359804871,0.530068908468555
"404",-0.0288415529283144,0.000831835175316764,0.000831835175316764,0.971570394755366
"405",0.67069596873393,0.449833082475945,0.449833082475945,1.95559788210899
"406",-1.65054654342511,2.72430389201258,2.72430389201258,0.191944973684266
"407",-0.349754239211268,0.122328027846253,0.122328027846253,0.7048612957022
"408",0.756406438545484,0.572150700273062,0.572150700273062,2.13060598348003
"409",-0.538809159977592,0.290315310875759,0.290315310875759,0.583442625677607
"410",0.227291921672942,0.0516616176577788,0.0516616176577788,1.255196233447
"411",0.492228570064431,0.242288965187675,0.242288965187675,1.63595800750096
"412",0.267835015331683,0.0717355954377229,0.0717355954377229,1.30713146557264
"413",0.653257679471382,0.426745595788334,0.426745595788334,1.92179122241062
"414",-0.12270866097738,0.0150574154788616,0.0150574154788616,0.884521320603108
"415",-0.41367651359212,0.171128257897732,0.171128257897732,0.661214810677684
"416",-2.64314895202898,6.98623638261189,6.98623638261189,0.0711369097763124
"417",-0.092941018479472,0.00863803291600156,0.00863803291600156,0.911247245459253
"418",0.430284696359987,0.185144919921606,0.185144919921606,1.53769523747442
"419",0.53539884086815,0.286651918802959,0.286651918802959,1.70812937821687
"420",-0.555278351313252,0.308334047437163,0.308334047437163,0.57391248966597
"421",1.77950290977515,3.16663060589822,3.16663060589822,5.9269094774392
"422",0.286424419628825,0.0820389481597091,0.0820389481597091,1.33165751692123
"423",0.126315858458886,0.0159556960982052,0.0159556960982052,1.13464049748832
"424",1.27226677946852,1.6186627581392,1.6186627581392,3.5689333850957
"425",-0.718466221319259,0.516193711176775,0.516193711176775,0.487499399022546
"426",-0.450338623924712,0.202804876198403,0.202804876198403,0.637412272027625
"427",2.39745248004976,5.74777839409676,5.74777839409676,10.995130357966
"428",0.011129187220888,0.000123858808197576,0.000123858808197576,1.01119134700693
"429",1.63356842140831,2.66854578742243,2.66854578742243,5.12212002846419
"430",-1.43850664491452,2.06930136746324,2.06930136746324,0.23728184027441
"431",-0.190516802042901,0.0362966518606541,0.0362966518606541,0.826531870188445
"432",0.378423903636832,0.143204650843738,0.143204650843738,1.45998170327287
"433",0.300038545205798,0.0900231286092114,0.0900231286092114,1.34991083916432
"434",-1.00563625951084,1.01130428644295,1.01130428644295,0.365811809500242
"435",0.0192592746253708,0.000370919659095452,0.000370919659095452,1.01944593081689
"436",-1.07742065311198,1.16083526375225,1.16083526375225,0.340472590948766
"437",0.712703325244282,0.507946029814257,0.507946029814257,2.0394972374355
"438",1.08477508986065,1.17673699558217,1.17673699558217,2.95877428556283
"439",-2.22498769648741,4.95057024952036,4.95057024952036,0.108068748251854
"440",1.23569346230014,1.52693833277132,1.52693833277132,3.44076373351485
"441",-1.24104449680849,1.54019144305864,1.54019144305864,0.289082114847309
"442",0.454769268982633,0.206815088010998,0.206815088010998,1.57580975289777
"443",0.659902638142608,0.435471491827574,0.435471491827574,1.93460396859666
"444",-0.199889828101433,0.0399559433784205,0.0399559433784205,0.81882095916846
"445",-0.645113956859792,0.416172017335297,0.416172017335297,0.524602756617392
"446",0.16532102124205,0.0273310400645144,0.0273310400645144,1.17977178973269
"447",0.438818700714454,0.192561852096721,0.192561852096721,1.55087408953359
"448",0.883302819948705,0.780223871729334,0.780223871729334,2.4188756383449
"449",-2.05233698390195,4.21208709549176,4.21208709549176,0.128434403459247
"450",-1.63637926805902,2.67773710893339,2.67773710893339,0.194683665071975
"451",1.43040234118818,2.04605085767664,2.04605085767664,4.18038079298718
"452",1.04662884711155,1.09543194360605,1.09543194360605,2.84803375914414
"453",0.435288948907682,0.189476469041155,0.189476469041155,1.54540953884146
"454",0.71517840711106,0.511480153997914,0.511480153997914,2.04455141223325
"455",0.917174917641003,0.841209829549781,0.841209829549781,2.50221144193579
"456",-2.66092279846568,7.08051013939443,7.08051013939443,0.0698837034062426
"457",1.11027709663882,1.23271523132073,1.23271523132073,3.03519932145139
"458",-0.484987596562325,0.2352129688193,0.2352129688193,0.615704833573453
"459",0.230616830631202,0.0531841225703804,0.0531841225703804,1.25937659245335
"460",-0.295157800883577,0.0871181274224294,0.0871181274224294,0.744414108992903
"461",0.871964954078744,0.760322881141546,0.760322881141546,2.3916056347457
"462",-0.348472448955611,0.121433047681121,0.121433047681121,0.705765359328815
"463",0.518503765888248,0.268846155240295,0.268846155240295,1.67951282440536
"464",-0.390684978638979,0.15263475253414,0.15263475253414,0.676593263801598
"465",-1.09278720910151,1.19418388437586,1.19418388437586,0.335280692777648
"466",1.21001051044026,1.46412543537591,1.46412543537591,3.35351989933437
"467",0.740900011274274,0.54893282670622,0.54893282670622,2.09782272921743
"468",1.72426223915645,2.97308026938082,2.97308026938082,5.60838185849083
"469",0.0651539325793032,0.00424503493054839,0.00424503493054839,1.06732330756929
"470",1.12500274582817,1.26563117812093,1.26563117812093,3.08022530667585
"471",1.97541905401908,3.90228043898163,3.90228043898163,7.20964024960257
"472",-0.281482115038967,0.07923218108681,0.07923218108681,0.754664412698199
"473",-1.32295111275522,1.75019964674026,1.75019964674026,0.266348117674955
"474",-0.239351567138116,0.0572891726914721,0.0572891726914721,0.787138101832304
"475",-0.214041239985383,0.0458136524144804,0.0458136524144804,0.807315090673618
"476",0.15168050450932,0.0230069754482018,0.0230069754482018,1.16378835189702
"477",1.71230497731928,2.93198833535239,2.93198833535239,5.54172030718661
"478",-0.326143892505348,0.10636983861854,0.10636983861854,0.721701332547072
"479",0.373004655804915,0.139132473252143,0.139132473252143,1.45209110046992
"480",-0.227684064895531,0.0518400334073524,0.0518400334073524,0.796375823173407
"481",0.0204507085250325,0.000418231479175839,0.000418231479175839,1.02066125710444
"482",0.314057663506262,0.0986322160070126,0.0986322160070126,1.36896867380515
"483",1.32821469603699,1.76415427876862,1.76415427876862,3.77429909791949
"484",0.121318377490778,0.0147181487169949,0.0147181487169949,1.12898429834214
"485",0.712842320031113,0.50814417322734,0.50814417322734,2.03978073662126
"486",0.778860029783535,0.606622945994408,0.606622945994408,2.17898686899564
"487",0.914773270855634,0.836810137071916,0.836810137071916,2.49620922435825
"488",-0.574394552184383,0.329929101579098,0.329929101579098,0.563045660395963
"489",1.62688121419468,2.64674248509955,2.64674248509955,5.08798162297527
"490",-0.380956739294013,0.145128037213527,0.145128037213527,0.683207445017008
"491",-0.105784167649752,0.0111902901253508,0.0111902901253508,0.899618793962317
"492",1.40405026771417,1.97135715426824,1.97135715426824,4.07165791940291
"493",1.29408390614558,1.674653156145,1.674653156145,3.64765285070807
"494",-1.08999187241124,1.18808228192256,1.18808228192256,0.336219226347234
"495",-0.873071000417463,0.76225297176995,0.76225297176995,0.41766692241938
"496",-1.35807905937061,1.84437873150097,1.84437873150097,0.257154280912125
"497",0.181847192619832,0.0330684014637143,0.0330684014637143,1.19943089798253
"498",0.164840867918466,0.0271725117361132,0.0271725117361132,1.17920545436157
"499",0.364114687355063,0.132579505547675,0.132579505547675,1.43923926723798
"500",0.552157714218558,0.304878141371063,0.304878141371063,1.73699692023154
"501",-0.601892845985016,0.362274998047943,0.362274998047943,0.547773802731341
"502",-0.993698591098714,0.98743688995157,0.98743688995157,0.37020491915552
"503",1.0267850560749,1.05428755137874,1.05428755137874,2.79207502532799
"504",0.751061302606323,0.564093080272707,0.564093080272707,2.11924798692527
"505",-1.5091665373287,2.2775836373927,2.2775836373927,0.221094174929711
"506",-0.0951474508492868,0.00905303740311744,0.00905303740311744,0.909238856541921
"507",-0.895947822756499,0.802722501102111,0.802722501102111,0.408220494542395
"508",-2.07075107054196,4.28800999615069,4.28800999615069,0.126091042863815
"509",0.150120131188143,0.0225360537879454,0.0225360537879454,1.16197382364013
"510",-0.0792117092585882,0.00627449488366711,0.00627449488366711,0.923844317344424
"511",-0.097369267513081,0.00948077425603393,0.00948077425603393,0.907220937052777
"512",0.216152541801233,0.0467219213271336,0.0467219213271336,1.24129171343342
"513",0.882465164396587,0.778744766373496,0.778744766373496,2.41685030212205
"514",0.205597504483387,0.0422703338497962,0.0422703338497962,1.22825873585696
"515",-0.616435842873528,0.379993148379197,0.379993148379197,0.539865176970744
"516",-0.734799251921281,0.539929940624074,0.539929940624074,0.47960172843715
"517",-0.131802793041181,0.0173719762534564,0.0173719762534564,0.876513832663728
"518",0.310016986578952,0.096110531967494,0.096110531967494,1.36344827425723
"519",-1.03968035270204,1.08093523579464,1.08093523579464,0.353567680851752
"520",-0.184308868842384,0.033969759133959,0.033969759133959,0.831678884457243
"521",0.967267260167914,0.935605952592742,0.935605952592743,2.63074548439813
"522",-0.108280091234486,0.0117245781577486,0.0117245781577486,0.897376214015491
"523",-0.69842066759439,0.487791428922994,0.487791428922994,0.497370196694089
"524",-0.27594516842554,0.0761457359773995,0.0761457359773995,0.758854538809663
"525",1.11464854536198,1.24244137967758,1.24244137967758,3.04849658262197
"526",0.550043961214136,0.302548359268138,0.302548359268138,1.73332921544932
"527",1.23667580008161,1.52936703450748,1.52936703450748,3.44414538641814
"528",0.139097857161771,0.0193482138669965,0.0193482138669965,1.14923655552875
"529",0.410275096490425,0.168325654800228,0.168325654800228,1.50723236241901
"530",-0.558456912348133,0.31187412294941,0.31187412294941,0.572091169910327
"531",0.605370668930333,0.366473646801159,0.366473646801159,1.83193112300162
"532",-0.506333542189239,0.256373655945902,0.256373655945902,0.602701311659787
"533",-1.42056550469574,2.01800635313147,2.01800635313147,0.241577365127704
"534",0.127992965684126,0.0163821992646178,0.0163821992646178,1.13654500785235
"535",1.94585121773144,3.78633696154691,3.78633696154691,6.99958749288777
"536",0.800914339573062,0.641463779333753,0.641463779333753,2.22757675921332
"537",1.16525338994626,1.35781546278125,1.35781546278125,3.20673533475909
"538",0.358855723093152,0.128777429996709,0.128777429996709,1.43169022683254
"539",-0.608557178316224,0.370341839280205,0.370341839280205,0.544135393318496
"540",-0.202240855110284,0.0409013634757388,0.0409013634757388,0.816898150151674
"541",-0.273248106811925,0.0746645278763013,0.0746645278763013,0.76090397874717
"542",-0.468699779782087,0.219679483567777,0.219679483567777,0.625815437403069
"543",0.704167283929716,0.495851563756953,0.495851563756953,2.02216209675318
"544",-1.19736350236541,1.43367935679677,1.43367935679677,0.301989357478567
"545",0.866366132112773,0.750590274872047,0.750590274872047,2.37825287532583
"546",0.864152486225893,0.746759519450393,0.746759519450393,2.37299408832395
"547",-1.19862235906875,1.43669555965953,1.43669555965953,0.301609435335509
"548",0.639491997900534,0.408950015378816,0.408950015378816,1.89551770770398
"549",2.43022665234451,5.9060015817656,5.9060015817656,11.3614568890381
"550",-0.557215481941608,0.310489093315419,0.310489093315419,0.572801822305435
"551",0.844904241408072,0.713863177149349,0.713863177149349,2.32775490136577
"552",-0.782201845619403,0.611839727290401,0.611839727290401,0.457397782426827
"553",1.1107114182028,1.23367985452608,1.23367985452608,3.03651786028188
"554",0.249824719926562,0.0624123906863854,0.0624123906863854,1.28380037234188
"555",1.65191539162316,2.72882446108151,2.72882446108151,5.21696279031273
"556",-1.45897072853692,2.12859558672754,2.12859558672754,0.232475431957773
"557",-0.0512978861253612,0.00263147312093053,0.00263147312093053,0.949995637859095
"558",-0.526925176125598,0.277650141234992,0.277650141234992,0.590417611640964
"559",-0.197264869076299,0.0389134285716894,0.0389134285716894,0.820973154111176
"560",-0.629578742686005,0.396369393242091,0.396369393242091,0.532816206461346
"561",-0.833843580535001,0.69529511679943,0.69529511679943,0.434376512552018
"562",0.57872237461645,0.334919586881703,0.334919586881703,1.78375799979339
"563",-1.08758071407693,1.18283180963208,1.18283180963208,0.337030882259229
"564",1.48403093155628,2.20234780581581,2.20234780581581,4.41068908148047
"565",-1.18620658531375,1.40708606304171,1.40708606304171,0.305377493119308
"566",0.10107915139528,0.0102169948467899,0.0102169948467899,1.10636420856866
"567",0.532989286826481,0.284077579871801,0.284077579871801,1.70401850284704
"568",0.586735339092625,0.344258358140138,0.344258358140138,1.79810860795176
"569",-0.30174666386638,0.0910510491544903,0.0910510491544903,0.739525389663394
"570",0.079501995328401,0.0063205672611971,0.0063205672611971,1.08274771996456
"571",0.961264151809677,0.924028769554378,0.924028769554379,2.61500014197565
"572",-1.45646591707643,2.12129296760527,2.12129296760527,0.233058468978093
"573",-0.781739711532082,0.611116976586263,0.611116976586263,0.457609210383822
"574",0.32040231431661,0.10265764301944,0.10265764301944,1.37768191401505
"575",-0.444781978336992,0.197831008253368,0.197831008253368,0.640964004838075
"576",1.370003993971,1.87691094349649,1.87691094349649,3.93536641317841
"577",0.673253863354836,0.453270764522212,0.453270764522212,1.9606064984378
"578",0.0721667524147558,0.00520804015409267,0.00520804015409267,1.07483456037943
"579",-1.50775731753668,2.27333212858541,2.2733321285854,0.221405964855592
"580",0.0261002253262418,0.000681221762080594,0.000681221762080594,1.02644381898487
"581",-0.316415868196993,0.100119001646857,0.100119001646857,0.728756320563931
"582",-0.102346513520598,0.0104748088298219,0.0104748088298219,0.902716693927573
"583",-1.18155922705569,1.39608220704043,1.39608220704043,0.306799994610552
"584",0.498658043829925,0.248659844676287,0.248659844676287,1.64651024290119
"585",-1.03895644030703,1.07943048485546,1.07943048485546,0.353823725544177
"586",-0.22622198144241,0.05117638488773,0.05117638488773,0.797541042703459
"587",0.381425829451352,0.145485663372652,0.145485663372652,1.4643710449795
"588",-0.783515789013048,0.613896991632739,0.613896991632739,0.456797182296036
"589",0.582991405680064,0.339878979096817,0.339878979096817,1.79138919542043
"590",-1.31651040165169,1.7331996376571,1.7331996376571,0.268069125260859
"591",-2.80977467896054,7.89483374652781,7.89483374652781,0.0602185593722456
"592",0.464967990785852,0.216195232455433,0.216195232455433,1.59196323057958
"593",0.840539826961,0.706507200707627,0.706507200707627,2.31761775169736
"594",-0.285845423591384,0.0817076061881377,0.0817076061881377,0.751378752399733
"595",0.504126254591608,0.254143280568563,0.254143280568563,1.65553836928349
"596",-1.15591652508367,1.33614301296151,1.33614301296151,0.314768911054661
"597",-0.127148606825662,0.0161667682177068,0.0161667682177068,0.880602799286393
"598",-1.94151837604062,3.7694936045034,3.7694936045034,0.14348591871188
"599",1.18118089143852,1.3951882982995,1.3951882982995,3.25821953553695
"600",1.85991086154316,3.45926841288622,3.45926841288622,6.42316419496586
"601",1.07401226028199,1.15350233523603,1.15350233523603,2.927100258996
"602",-0.0273469664137418,0.000747856572034322,0.000747856572034322,0.973023576447698
"603",-0.0333303422759193,0.00111091171622993,0.00111091171622993,0.967218993485221
"604",-1.5160676231511,2.29846103796702,2.29846103796702,0.219573637767042
"605",0.790385343888228,0.624708991833312,0.624708991833312,2.20424565521422
"606",-0.210734180691776,0.044408894911834,0.044408894911834,0.809989349075367
"607",-0.656742925361075,0.431311270011823,0.431311270011823,0.518537502362023
"608",-1.41202579265831,1.99381683913232,1.99381683913232,0.243649200106723
"609",-0.299762496646272,0.0898575543956063,0.0898575543956063,0.740994188389266
"610",-0.849061135016708,0.720904810995861,0.720904810995861,0.427816405296813
"611",-0.397030520327837,0.157633234071793,0.157633234071793,0.672313506090912
"612",-1.2175999877636,1.48254973020191,1.48254973020191,0.295939573889367
"613",1.6875894829457,2.84795826294893,2.84795826294893,5.40643268701918
"614",-0.0160025272079689,0.000256080877041784,0.000256080877041784,0.984124832964022
"615",1.07494507727239,1.15550691915214,1.15550691915214,2.9298319817508
"616",-2.60169967025765,6.76884117421878,6.76884117421878,0.0741474448454467
"617",-0.453197829994837,0.20538827311203,0.20538827311203,0.635592381950458
"618",-0.675482291592071,0.456276326254476,0.456276326254476,0.508910917953533
"619",-1.22292617936591,1.49554844017851,1.49554844017851,0.294367533227355
"620",1.54660915422409,2.39199987592977,2.39199987592977,4.69552136908865
"621",-1.41528191976949,2.00302291242641,2.00302291242641,0.242857137568601
"622",0.318390260408025,0.10137235792269,0.10137235792269,1.37491273054261
"623",0.846436285579692,0.716454385545946,0.716454385545946,2.33132385789682
"624",0.178190188418023,0.0317517432484506,0.0317517432484506,1.19505258478322
"625",-0.875255477495516,0.766072150885903,0.766072150885903,0.416755534416619
"626",0.941165806724167,0.885793075746752,0.885793075746752,2.56296760219891
"627",0.170588081840838,0.0291002936661364,0.0291002936661364,1.18600211258253
"628",-1.06349790638204,1.13102779687899,1.13102779687899,0.345246057374778
"629",-1.38804904760206,1.92668015854899,1.92668015854899,0.249561713020031
"630",2.08671743449315,4.35438965141766,4.35438965141766,8.05841941147454
"631",-0.678503145418437,0.460366518342713,0.460366518342713,0.507375892171338
"632",-1.85557165391804,3.44314616282413,3.44314616282413,0.156363531295903
"633",0.533259362753652,0.284365547964431,0.284365547964431,1.70447877937612
"634",0.310230256060895,0.0962428117756088,0.0962428117756088,1.36373908717399
"635",-1.3538343357226,1.83286740858145,1.83286740858145,0.258248149712469
"636",-1.94295641358195,3.77507962507923,3.77507962507923,0.143279728864023
"637",-0.116302517158606,0.0135262754974277,0.0135262754974277,0.89020588000565
"638",1.13939629170942,1.29822390956118,1.29822390956118,3.12488127888351
"639",0.636124035182149,0.404653788136419,0.404653788136419,1.88914441326587
"640",-0.492937424161977,0.242987304139445,0.242987304139445,0.610829491037276
"641",-0.834188231584378,0.695870005713871,0.695870005713871,0.434226830026744
"642",0.271066756750545,0.0734771866152592,0.0734771866152592,1.31136260976925
"643",0.157353347216158,0.0247600758801287,0.0247600758801286,1.17040910164207
"644",0.629711746692728,0.396536883922806,0.396536883922806,1.87706942980291
"645",-0.395797950288896,0.156656017452892,0.156656017452892,0.673142690484238
"646",0.899354053203099,0.808837713012843,0.808837713012843,2.45801485142652
"647",-0.830811527336248,0.69024779395479,0.69024779395479,0.435695563952833
"648",-0.330544700119963,0.109259798777396,0.109259798777396,0.718532242220416
"649",0.740814523725905,0.548806158563239,0.548806158563239,2.09764339916075
"650",0.989971608627113,0.980043785887753,0.980043785887753,2.69115806559248
"651",-1.93850470145338,3.75780047755686,3.75780047755686,0.14391899082016
"652",0.107190407016153,0.0114897833562885,0.0114897833562885,1.1131461851458
"653",0.60877901173463,0.370611885128593,0.370611885128593,1.83818562495126
"654",-1.45082431349063,2.10489118861556,2.10489118861556,0.23437700831333
"655",0.480625599875217,0.231000967255412,0.231000967255412,1.61708573444893
"656",-0.828174270396797,0.685872622147267,0.685872622147267,0.436846121593561
"657",1.02025301216443,1.04091620883059,1.04091620883059,2.77389650474465
"658",0.538482032102641,0.28996289889739,0.28996289889739,1.71340399489071
"659",0.769052294995609,0.591441432438014,0.591441432438014,2.15772040208296
"660",0.120719329287034,0.0145731564635114,0.0145731564635114,1.12830818485867
"661",0.863648434157753,0.745888617823139,0.745888617823139,2.37179827714692
"662",1.38051452831454,1.90582036288751,1.90582036288751,3.97694735317636
"663",1.96624801545563,3.86613125828322,3.86613125828322,7.14382263012287
"664",-0.028395054749065,0.000806279134202398,0.000806279134202398,0.972004296028493
"665",-2.2490510903324,5.05823080692538,5.05823080692538,0.10549928637231
"666",0.0315260045939917,0.000993888965660386,0.000993888965660386,1.03202821272136
"667",0.205561208449975,0.0422554104194139,0.0422554104194139,1.22821415574589
"668",-0.155345347144399,0.0241321768794137,0.0241321768794137,0.8561194680118
"669",0.568288620777075,0.32295195650471,0.32295195650471,1.7652434639317
"670",1.01067796451426,1.0214699479547,1.0214699479547,2.74746306620642
"671",-0.517982430167822,0.268305797962562,0.268305797962562,0.595721245530682
"672",-0.29409532715611,0.0864920614550597,0.0864920614550597,0.745205449740999
"673",0.397842208800339,0.158278423103133,0.158278423103133,1.48860912195538
"674",-0.550223741489138,0.302746165698306,0.302746165698306,0.576820737210804
"675",0.0912673834882354,0.00832973528878863,0.00832973528878863,1.09556190126168
"676",-1.9617075988853,3.84829670352434,3.84829670352434,0.14061809648576
"677",-1.11989972139762,1.25417538598648,1.25417538598648,0.326312515145385
"678",-1.32775547560413,1.76293460299674,1.76293460299674,0.265071553667326
"679",-0.853623696727242,0.728673415614282,0.728673415614282,0.425868912702845
"680",-0.693304527930666,0.480671168449163,0.480671168449163,0.499921332503864
"681",0.38230514254637,0.1461572220174,0.1461572220174,1.46565925190092
"682",0.982113002522641,0.964545949724036,0.964545949724036,2.67009219698677
"683",-0.727383529087535,0.529086798387838,0.529086798387838,0.483171541940047
"684",-0.996838982378005,0.993687956788416,0.993687956788416,0.369044154437513
"685",-1.04168885898951,1.08511567894287,1.08511567894287,0.352858250627741
"686",-0.414588726363674,0.171883812027853,0.171883812027853,0.660611917108058
"687",-0.239029068152564,0.0571348954218831,0.0571348954218831,0.787391994009419
"688",0.483617533838269,0.23388591903581,0.23388591903581,1.62193119321073
"689",-0.32132484216839,0.103249654194541,0.103249654194541,0.725187641198359
"690",-2.07848926886002,4.32011764076627,4.32011764076627,0.125119090796942
"691",-0.0914342755501383,0.00836022674537863,0.00836022674537863,0.912621295713521
"692",1.18718681065156,1.40941252338501,1.40941252338501,3.27784702039125
"693",1.19160126851033,1.41991358311542,1.41991358311542,3.29234892339971
"694",-0.78896321811123,0.622462959532428,0.622462959532428,0.454315577353409
"695",-1.54777654363757,2.39561222903467,2.39561222903466,0.212720422974954
"696",2.45806049186527,6.04206138166895,6.04206138166895,11.6821319635046
"697",-0.162421942479419,0.0263808873987878,0.0263808873987878,0.850082442963486
"698",-0.0974512501056172,0.00949674614714756,0.00949674614714756,0.907146563777052
"699",0.420574188698147,0.176882648199105,0.176882648199105,1.52283569968069
"700",-1.61403945661912,2.60512336752334,2.60512336752334,0.199081805339816
"701",-0.728219111191288,0.530303073904229,0.530303073904229,0.482767981074158
"702",-1.54044240529001,2.37296280401567,2.37296280401567,0.214286279070131
"703",-0.693094614010595,0.480380143970496,0.480380143970496,0.500026283965498
"704",0.118849433004561,0.0141251877255056,0.0141251877255056,1.126200336921
"705",-1.36470945798691,1.86243190471893,1.86243190471893,0.255454885583764
"706",0.589982679367313,0.348079561953434,0.348079561953434,1.80395716944774
"707",0.289344028817336,0.0837199670122473,0.0837199670122473,1.33555111757391
"708",-0.904215025620639,0.817604812558133,0.817604812558133,0.404859564787097
"709",0.226324942381064,0.0512229795437917,0.0512229795437917,1.25398307132787
"710",0.748081162493843,0.55962542567814,0.55962542567814,2.11294173241942
"711",1.06109525326174,1.1259231364946,1.1259231364946,2.8895340283568
"712",-0.212848278646528,0.0453043897227899,0.0453043897227899,0.808278761061537
"713",-0.0936367939110456,0.00876784917393963,0.00876784917393963,0.910613442531595
"714",-0.0867141349819251,0.00751934120566353,0.00751934120566353,0.916939179006114
"715",1.44146175605504,2.07781199416929,2.07781199416929,4.22686995610679
"716",1.12507189227799,1.26578676279399,1.26578676279399,3.08043830068426
"717",0.834401567757039,0.696225976275405,0.696225976275405,2.3034351858655
"718",-0.287340799840693,0.0825647352530891,0.0825647352530891,0.750255998138408
"719",0.373241434166406,0.139309168178596,0.139309168178596,1.45243496492965
"720",0.403290331220696,0.162643091256099,0.162643091256099,1.49674137933959
"721",-1.04167329428932,1.08508325203557,1.08508325203557,0.352863742803363
"722",-1.72830451532074,2.98703649767807,2.98703649767807,0.177585247931863
"723",0.641830027651616,0.411945784395274,0.411945784395274,1.89995466935128
"724",-1.52931053118042,2.33879070077934,2.33879070077934,0.216685013385761
"725",0.00168368848420991,2.83480691186106e-06,2.83480691186106e-06,1.00168510668349
"726",0.250247821348331,0.0626239720895863,0.0626239720895863,1.28434366503053
"727",0.563867390305883,0.317946433850367,0.317946433850367,1.75745614319484
"728",0.189426237514811,0.0358822994590175,0.0358822994590175,1.20855597460936
"729",-0.732853806297125,0.537074701404184,0.537074701404184,0.480535675698318
"730",0.986365859895462,0.972917609567314,0.972917609567314,2.6814718992463
"731",1.73863376690625,3.0228473754266,3.0228473754266,5.68956483843101
"732",0.881178808925443,0.776476093299262,0.776476093299262,2.41374337224952
"733",-1.94365090132398,3.7777788262175,3.7777788262175,0.143180257393503
"734",1.39957618540294,1.95881349874706,1.95881349874706,4.0534816780484
"735",-0.056055946186268,0.00314226910283777,0.00314226910283777,0.945486238061506
"736",0.52491427931929,0.27553500063329,0.27553500063329,1.69031394730649
"737",0.62203323587106,0.386925346528222,0.386925346528222,1.86271152607725
"738",-0.0966860732067051,0.00934819675213235,0.00934819675213235,0.90784095700453
"739",-0.0752631976487263,0.00566454892031124,0.00566454892031124,0.927499338555299
"740",1.0191570693309,1.03868113196715,1.03868113196715,2.77085813799157
"741",0.711601922486244,0.506377296086118,0.506377296086118,2.03725216614399
"742",0.990262246044231,0.980619315940566,0.980619315940566,2.69194033049394
"743",2.38292669523033,5.67833963484133,5.67833963484133,10.8365718417252
"744",0.664415863694087,0.44144843992836,0.44144843992836,1.94335500550711
"745",0.207381157385307,0.0430069444384694,0.0430069444384694,1.23045147807966
"746",-2.21063311057562,4.88689874957324,4.88689874957324,0.109631217855745
"747",2.69171400324612,7.24532427527123,7.24532427527123,14.7569477125708
"748",-0.482676821796308,0.232976914299385,0.232976914299385,0.617129233866496
"749",2.37473471509539,5.6393649670792,5.6393649670792,10.7481614828425
"750",0.374643568004988,0.140357803047508,0.140357803047508,1.45447290153838
"751",1.53843019889679,2.36676747687763,2.36676747687763,4.65727353644624
"752",-0.109710321176239,0.0120363545725935,0.0120363545725935,0.896093677065188
"753",0.511470754698125,0.26160233291147,0.26160233291147,1.66774223178975
"754",0.213957979642262,0.0457780170525985,0.0457780170525985,1.2385706085199
"755",-0.186120699373496,0.0346409147352791,0.0346409147352791,0.830173387526799
"756",-0.120393824622494,0.0144946730072317,0.0144946730072317,0.886571214381676
"757",1.01283433584425,1.02583339186507,1.02583339186507,2.75339400915205
"758",-0.2014581469715,0.0405853849811904,0.0405853849811904,0.81753779327664
"759",-2.0376824944408,4.15214994815048,4.15214994815048,0.130330402589823
"760",-0.195889248829828,0.0383725978071142,0.0383725978071142,0.822103278536587
"761",0.539790605536274,0.291373897825217,0.291373897825217,1.71564757746563
"762",0.61645571635144,0.380017650222367,0.380017650222367,1.85235113567916
"763",0.616567817477434,0.380155873548886,0.380155873548886,1.85255879796658
"764",-1.69210152086908,2.86320755692746,2.86320755692746,0.184132159532377
"765",0.368742058011194,0.135970705346331,0.135970705346331,1.44591459348343
"766",0.967859209947064,0.936751450279354,0.936751450279354,2.63230321461016
"767",1.27657868146766,1.6296531299777,1.6296531299777,3.58435550152638
"768",-0.224961271044116,0.0506075734697842,0.0506075734697842,0.798547145057654
"769",-0.321892586182801,0.103614837039452,0.103614837039452,0.724776037109678
"770",1.48783783187804,2.21366141396755,2.21366141396755,4.42751213669375
"771",-1.66792804577932,2.78198396589722,2.78198396589722,0.188637509291934
"772",-0.436829976913125,0.190820428729921,0.190820428729921,0.646081270804778
"773",0.457462079357455,0.209271554050046,0.209271554050046,1.5800588281585
"774",-1.61777376538123,2.61719195595575,2.61719195595575,0.198339758787554
"775",0.279627862431757,0.0781917414481539,0.0781917414481539,1.32263751763296
"776",1.87786402105219,3.52637328156231,3.52637328156231,6.5395216530078
"777",-0.00406065343634058,1.64889063300646e-05,1.64889063300646e-05,0.995947579868855
"778",-0.278454024963586,0.0775366440184215,0.0775366440184215,0.756953067894791
"779",0.474911714034054,0.225541136126763,0.225541136126763,1.60787223866568
"780",-0.279072170787307,0.0778812765079397,0.0778812765079397,0.756485305104821
"781",0.813400374079065,0.661620168551962,0.661620168551962,2.25556472523654
"782",0.904435464449695,0.818003509354336,0.818003509354336,2.47053682343769
"783",0.00269166123012091,7.24504017773599e-06,7.24504017773599e-06,1.0026952870026
"784",-1.17669215774973,1.38460443410971,1.38460443410971,0.308296851144797
"785",-1.31822072745909,1.73770588630277,1.73770588630277,0.267611031574155
"786",-0.592997365655317,0.351645875674146,0.351645875674146,0.552668250777232
"787",0.797380500549836,0.635815662657106,0.635815662657106,2.21971875417438
"788",-1.95820517465693,3.83456750605316,3.83456750605316,0.141111464201016
"789",-1.88632515873255,3.55822260446736,3.55822260446736,0.151627995075989
"790",-0.653779824760103,0.427428059263351,0.427428059263351,0.520076259767542
"791",0.394394847980585,0.155547296113628,0.155547296113628,1.48348618457277
"792",-0.913566048164992,0.834602924359801,0.834602924359801,0.401091359613366
"793",0.886749037096059,0.786323854790788,0.786323854790788,2.42722598934413
"794",0.333369970155182,0.111135537001267,0.111135537001267,1.39566355682652
"795",-0.17063961823861,0.0291178793126185,0.0291178793126185,0.843125365732112
"796",0.81882813653178,0.670479517176107,0.670479517176107,2.26784068010723
"797",0.388365162819368,0.150827499691714,0.150827499691714,1.4745681434484
"798",-0.445935027212156,0.198858048494706,0.198858048494706,0.640225367937336
"799",0.23111493441816,0.0534141129111104,0.0534141129111104,1.26000404895952
"800",0.647513357977592,0.419273548759417,0.419273548759417,1.91078348205364
"801",0.356283344862047,0.126937821826088,0.126937821826088,1.42801211084032
"802",-0.658010207949479,0.432977433765716,0.432977433765716,0.51788078502496
"803",0.855202205064192,0.731370811546656,0.731370811546656,2.3518498884559
"804",1.15293622555862,1.32926194020535,1.32926194020535,3.16747970381927
"805",0.276274556543337,0.0763276305932173,0.0763276305932173,1.31820973745658
"806",0.144104662462187,0.0207661537433408,0.0207661537433408,1.15500498786491
"807",-0.075625080779838,0.00571915284295702,0.00571915284295702,0.927163752915612
"808",2.16141584630279,4.6717184606488,4.6717184606488,8.68342335193265
"809",0.276315532135793,0.0763502732994864,0.0763502732994864,1.31826375298821
"810",-0.158294028699944,0.0250569995220587,0.0250569995220587,0.85359876253241
"811",-2.50791780219725,6.28965170257791,6.28965170257791,0.0814376320835736
"812",-1.56528176503053,2.4501070039371,2.4501070039371,0.209029107781997
"813",-0.0776732006105648,0.00603312609308904,0.00603312609308904,0.925266753750866
"814",0.206294044843098,0.0425572329377261,0.0425572329377261,1.22911456566405
"815",0.276872458861614,0.0766583584760764,0.0766583584760763,1.31899813378309
"816",0.821506780448618,0.674873390323054,0.674873390323053,2.27392356104825
"817",-0.194152409320457,0.0376951580449381,0.0376951580449381,0.823532380692823
"818",1.21458879448256,1.4752259396826,1.4752259396826,3.36890846570939
"819",-0.921516042869578,0.849191817266006,0.849191817266006,0.397915326877827
"820",-1.20844272044307,1.46033380859184,1.46033380859184,0.298662017726881
"821",-1.22898617755381,1.51040702461834,1.51040702461834,0.292589060722152
"822",0.742297024186518,0.55100487211616,0.55100487211616,2.10075546271406
"823",-0.082919942339226,0.00687571683754057,0.00687571683754057,0.920424831329511
"824",0.789817921820499,0.623812349628852,0.623812349628852,2.20299527236772
"825",-0.267706421557085,0.0716667281428996,0.0716667281428996,0.765132374504491
"826",-0.591892102212813,0.350336260661903,0.350336260661903,0.55327943248683
"827",-0.368352575126506,0.135683619602328,0.135683619602328,0.691873201399058
"828",-1.85261682424173,3.43218909746351,3.43218909746351,0.15682624217773
"829",-1.16961526041411,1.36799985739358,1.36799985739358,0.310486374687849
"830",-1.44203464635845,2.07946392129814,2.07946392129814,0.236446184563351
"831",1.05432227197535,1.11159545318326,1.11159545318326,2.8700293952755
"832",-0.5973300913628,0.356803238047491,0.356803238047491,0.550278870841204
"833",0.78945985279018,0.623246859167492,0.623246859167492,2.20220658919668
"834",1.51649060169196,2.29974374502004,2.29974374502004,4.55620755835133
"835",-0.191774809109942,0.0367775774091548,0.0367775774091548,0.825492741007582
"836",0.283878906352351,0.080587233471807,0.080587233471807,1.32827207570301
"837",-1.75106751939608,3.06623745748394,3.06623745748394,0.173588535376244
"838",-0.818669777519803,0.670220204624323,0.670220204624323,0.441017916436765
"839",0.0562148493828386,0.00316010929113523,0.00316010929113523,1.05782493235749
"840",0.299086903336152,0.0894529757472089,0.0894529757472089,1.34862681855027
"841",-0.759398117298882,0.576685500557087,0.576685500557087,0.467947992068289
"842",2.6848589992268,7.20846784572913,7.20846784572913,14.6561347082389
"843",-0.458390139092389,0.21012151961714,0.21012151961714,0.632300742842398
"844",0.0642435566300379,0.00412723456847689,0.00412723456847689,1.06635208425623
"845",0.649791867153518,0.422229470618855,0.422229470618855,1.91514218353565
"846",-0.0260186347739953,0.000676969355502558,0.000676969355502558,0.974316933263729
"847",-0.643567387027114,0.414178981644907,0.414178981644907,0.525414719131438
"848",1.04530566396331,1.09266393111377,1.09266393111377,2.84426778095731
"849",1.6155453232072,2.60998669133666,2.60998669133666,5.03063049516265
"850",-0.0296939710498354,0.000881731916708463,0.000881731916708463,0.970742563423884
"851",0.562267345403066,0.316144567706611,0.316144567706611,1.75464638292174
"852",-0.0974124985026302,0.00948919486452492,0.00948919486452492,0.907181717841677
"853",1.01645521770216,1.03318120959395,1.03318120959395,2.76338179495135
"854",-1.15616739425985,1.33672304354962,1.33672304354962,0.314689955141474
"855",2.32086022399448,5.38639217931969,5.38639217931969,10.184431431276
"856",-0.603531247788338,0.364249967056948,0.364249967056948,0.546877063954945
"857",-1.45884941443809,2.12824161400637,2.12824161400636,0.232503636216052
"858",-0.35091782719307,0.123143321441905,0.123143321441905,0.704041604553553
"859",0.146708484145002,0.0215233793201243,0.0215233793201243,1.15801633369847
"860",1.62362120768023,2.636145826029,2.636145826029,5.07142177700785
"861",0.91120967677132,0.830303075041693,0.830303075041693,2.48732957905588
"862",0.142458432045787,0.020294404860944,0.020294404860944,1.15310514773915
"863",-1.38948352398816,1.93066446343456,1.93066446343456,0.249203979277476
"864",-0.866037744672114,0.750021375196761,0.750021375196761,0.420614835261649
"865",-0.163284932229294,0.0266619690931252,0.0266619690931252,0.849349146987626
"866",2.55302611346059,6.5179423360117,6.5179423360117,12.8459182306529
"867",-1.86022757421841,3.46044662788253,3.46044662788253,0.155637207321652
"868",1.13105465184602,1.27928462546252,1.27928462546252,3.0989230622073
"869",-0.527234257233921,0.277975962001004,0.277975962001004,0.59023515290991
"870",1.66599089998742,2.77552567884089,2.77552567884089,5.29091341913056
"871",-1.1392006399734,1.29777809811581,1.29777809811581,0.320074774563732
"872",0.143623234662747,0.0206276335349906,0.0206276335349906,1.15444907018311
"873",-1.09955094170275,1.20901227339941,1.20901227339941,0.333020595787438
"874",0.903516426361675,0.816341932705372,0.816341932705372,2.46826734902555
"875",1.48377948873809,2.20160157119985,2.20160157119985,4.40958018480552
"876",1.95072100640115,3.80531244481472,3.80531244481472,7.03375713669818
"877",0.797600657589519,0.636166808987232,0.636166808987232,2.22020749468209
"878",1.84326625457782,3.39763048526535,3.39763048526535,6.3171379815981
"879",1.24642390866165,1.55357256008338,1.55357256008338,3.47788346366581
"880",-0.131874911824015,0.0173909923685918,0.0173909923685918,0.876450621832351
"881",0.4770372382847,0.227564526710294,0.227564526710294,1.6112934447411
"882",-0.971994211475933,0.944772747142722,0.944772747142722,0.378327819641428
"883",-0.185202169400994,0.0342998435508344,0.0342998435508344,0.830936276980392
"884",1.22096370834882,1.49075237710491,1.49075237710491,3.39045356812248
"885",0.54128414348235,0.292988523985421,0.292988523985421,1.71821187668709
"886",0.45735733162533,0.209175728791442,0.209175728791442,1.5798933292476
"887",-1.03813103968721,1.07771605556204,1.07771605556204,0.354115892427327
"888",-0.604513230334117,0.365436245648989,0.365436245648989,0.546340303811133
"889",-0.764606013753569,0.584622356268123,0.584622356268123,0.465517302263626
"890",0.395295870013499,0.156258824849729,0.156258824849729,1.48482344066873
"891",-0.990507630466559,0.981105366012477,0.981105366012477,0.371388115240475
"892",0.562041390099052,0.315890524184475,0.315890524184475,1.75424995605392
"893",-1.11641641193354,1.24638560483456,1.24638560483456,0.327451144565665
"894",1.82853045813536,3.34352363632873,3.34352363632873,6.2247324290098
"895",0.460591349478104,0.212144391214061,0.212144391214061,1.58501100334414
"896",-0.70100361225327,0.491406064392132,0.491406064392132,0.496087174701771
"897",0.241045932501223,0.0581031415753843,0.0581031415753843,1.27257948672464
"898",-0.352453199227956,0.124223257646021,0.124223257646021,0.702961468180306
"899",0.371147959759657,0.137750808033756,0.137750808033756,1.44939751002949
"900",0.2435327187603,0.0593081851067836,0.0593081851067836,1.27574805805273
"901",-1.01411417266147,1.02842755519287,1.02842755519287,0.362723598041172
"902",-0.79131387881947,0.626177654812315,0.626177654812315,0.453248889778043
"903",0.299593684739564,0.089756375935829,0.089756375935829,1.34931045075347
"904",1.63905190875156,2.68649115958214,2.68649115958214,5.15028425733556
"905",1.08461700867092,1.17639405549826,1.17639405549826,2.95830659597109
"906",-0.624567473618094,0.390084529101688,0.390084529101688,0.535492993283366
"907",0.825922901647494,0.682148639465816,0.682148639465816,2.2839876889391
"908",-0.0485683527562885,0.00235888488945928,0.00235888488945928,0.952592224776299
"909",0.301313651718405,0.09078991671188,0.09078991671188,1.35163321714109
"910",0.260361490736558,0.0677881058585629,0.0677881058585629,1.2973989996268
"911",2.57544976372339,6.63294148546287,6.63294148546287,13.1372244769374
"912",-1.18528881058722,1.40490956450328,1.40490956450328,0.305657889515224
"913",0.100919859012857,0.0101848179431749,0.0101848179431749,1.10618798721378
"914",-1.77997728796762,3.16831914568055,3.16831914568055,0.168641977427153
"915",0.589835922958758,0.34790641601261,0.34790641601261,1.80369244659773
"916",1.0966084717214,1.20255014025116,1.20255014025116,2.99399456806249
"917",1.44566224110115,2.08993931534561,2.08993931534561,4.24466220202008
"918",-1.92514525183712,3.70618424067101,3.70618424067101,0.145854569673328
"919",0.41276949719403,0.170378657813813,0.170378657813813,1.51099669681169
"920",1.59336995138365,2.53882780197234,2.53882780197234,4.92030220000742
"921",-0.414015863042303,0.171409134850663,0.171409134850663,0.660990465863026
"922",-0.212150532081949,0.0450078482626543,0.0450078482626542,0.808842931591424
"923",-0.0365372222047413,0.00133496860643864,0.00133496860643864,0.964122206474259
"924",0.365018751433036,0.133238688897732,0.133238688897732,1.44054102010443
"925",0.665159875745969,0.442437660302393,0.442437660302393,1.94480142306162
"926",1.31782088371148,1.73665188154611,1.73665188154611,3.73527290821814
"927",-0.0954875904449924,0.0091178799289906,0.0091178799289906,0.908929640996063
"928",0.196278045472469,0.0385250711344925,0.0385250711344925,1.21686520216125
"929",2.48799787722146,6.1901334370585,6.1901334370585,12.0371521224471
"930",0.431098928114991,0.185846285821894,0.185846285821894,1.53894778763015
"931",0.188753109329833,0.03562773628168,0.03562773628168,1.20774273525759
"932",-1.34224312528345,1.80161660737068,1.80161660737068,0.261258974201271
"933",0.00285604762222659,8.15700802042618e-06,8.15700802042618e-06,1.00286013001181
"934",-0.221326153166881,0.0489852660756497,0.0489852660756497,0.801455240493004
"935",-0.0110458298093738,0.00012201035617765,0.00012201035617765,0.989014951370014
"936",-0.575417641271167,0.331105461886073,0.331105461886073,0.562469909098106
"937",-0.686815652442701,0.471715740440293,0.471715740440293,0.503175807305876
"938",-0.720773631820122,0.519514628327169,0.519514628327169,0.486375834550809
"939",-0.214504515399774,0.046012187126892,0.046012187126892,0.806941168061706
"940",1.36813264802863,1.87178694260182,1.87178694260182,3.92800886761302
"941",1.04908662655933,1.10058275002563,1.10058275002563,2.8550422070656
"942",-0.359975117943056,0.129582085538117,0.129582085538117,0.697693685909078
"943",-1.68591645453874,2.84231429168448,2.84231429168448,0.185274558417198
"944",-0.844583428535954,0.713321167757546,0.713321167757546,0.429736336824444
"945",-0.457760533240508,0.209544705792634,0.209544705792634,0.632698968439669
"946",0.103638004228304,0.010740835920426,0.010740835920426,1.1091988569354
"947",-0.662607275700815,0.439048401811655,0.439048401811655,0.51550551578894
"948",2.00668069083189,4.02676739495755,4.02676739495755,7.43858535888939
"949",-0.272267534418351,0.074129610298248,0.074129610298248,0.761650466115529
"950",-1.21394447023951,1.47366117682508,1.47366117682508,0.297023365891243
"951",-0.141261757282513,0.0199548840705437,0.0199548840705437,0.868262008046037
"952",-1.00537758159341,1.01078408157062,1.01078408157062,0.365906449177362
"953",0.156155707275326,0.0243846049146574,0.0243846049146574,1.16900821200297
"954",0.233633614089869,0.054584665632694,0.054584665632694,1.26318159547502
"955",0.355587611628384,0.126442549543579,0.126442549543579,1.42701894088747
"956",-1.62185825912421,2.63042421268943,2.63042421268943,0.197531293493492
"957",0.220711290970649,0.0487134739619304,0.0487134739619304,1.24696336900615
"958",0.310450080541646,0.0963792525083145,0.0963792525083145,1.36403890336297
"959",-1.42110844750449,2.01954921956862,2.01954921956862,0.24144623803503
"960",0.955365639730411,0.912723505577498,0.912723505577498,2.59962093386333
"961",0.784170879094338,0.614923967619586,0.614923967619586,2.19058992367244
"962",2.29961936115445,5.28824920619638,5.28824920619638,9.97038661598745
"963",0.156702987375728,0.0245558262524776,0.0245558262524776,1.16964816203459
"964",0.0467335275180007,0.00218402259427573,0.00218402259427573,1.04784275061546
"965",0.0965858340824363,0.00932882334539992,0.00932882334539992,1.10140411509823
"966",0.0697662309003006,0.00486732697403406,0.00486732697403406,1.07225749128519
"967",-1.84847277533767,3.41685160116454,3.41685160116454,0.157477486256418
"968",-1.67112705864224,2.79266564612628,2.79266564612628,0.188035019673107
"969",-0.0775389667912034,0.00601229137104734,0.00601229137104734,0.925390964177583
"970",-0.581067380566498,0.337639300758412,0.337639300758412,0.559301060762728
"971",0.0547365250574253,0.00299608717536214,0.00299608717536215,1.05626227936651
"972",-2.11120837326053,4.45720079532538,4.45720079532538,0.121091554194715
"973",-1.49869825452676,2.24609645812155,2.24609645812155,0.223420807958039
"974",-1.10148343893874,1.21326576625632,1.21326576625632,0.332377655846471
"975",0.986058221060247,0.9723108153205,0.9723108153205,2.68064710123101
"976",-1.09849000709012,1.20668029567684,1.20668029567684,0.333374096351563
"977",-0.799513953576531,0.639222561963575,0.639222561963575,0.449547411936782
"978",0.0798738186740527,0.00637982690957545,0.00637982690957545,1.08315038569992
"979",-0.322746361825109,0.104165214071344,0.104165214071344,0.724157505064435
"980",0.146417178667962,0.021437990209086,0.021437990209086,1.15767904632718
"981",2.30506198204569,5.31331074107241,5.31331074107241,10.0247995907551
"982",-1.12460367125824,1.2647334174075,1.2647334174075,0.324781161963249
"983",-0.305469639909805,0.0933117009066256,0.0933117009066256,0.736777273114411
"984",-0.516759449743733,0.267040328899446,0.267040328899446,0.596450246638358
"985",1.51239542683245,2.28733992710372,2.28733992710372,4.53758724444697
"986",-0.769484922890278,0.592107046555456,0.592107046555456,0.463251617174473
"987",-0.0820869037757183,0.00673825977148404,0.00673825977148404,0.921191900163419
"988",0.787133614322708,0.619579326796729,0.619579326796729,2.19708968539226
"989",-1.0585905359484,1.12061392279952,1.12061392279952,0.346944471634559
"990",1.65517581574201,2.73960698101723,2.73960698101723,5.23400006089265
"991",0.675762415474246,0.456654842167587,0.456654842167587,1.9655309560717
"992",-1.07420660953035,1.1539198399587,1.1539198399587,0.341568645133857
"993",0.454577809057738,0.206640984487733,0.206640984487733,1.57550807736114
"994",-0.213307143233068,0.0454999373542527,0.0454999373542527,0.807907955643276
"995",0.313228771994335,0.0981122636050788,0.0981122636050788,1.36783441744401
"996",-0.0899751970156634,0.00809553607800745,0.00809553607800744,0.913953853773223
"997",1.07051603677834,1.14600458499961,1.14600458499961,2.91688433126256
"998",-1.35110038570333,1.8254722522477,1.8254722522477,0.258955153262161
"999",-0.522616697195916,0.273128212187968,0.273128212187968,0.592966901317325
"1000",-0.249190677755399,0.0620959938801952,0.0620959938801952,0.779431338996307
